"","iter","harv_hist","Hmax","r_1","K_1","MSY_t_1","HMSYs_t_1","Bmsy_t_1","Fmsy_t_1","r_2","K_2","MSY_t_2","HMSYs_t_2","Bmsy_t_2","Fmsy_t_2","r_3","K_3","MSY_t_3","HMSYs_t_3","Bmsy_t_3","Fmsy_t_3","true_term_bio1","true_ss1","true_tot_cont1","true_reb_cont1","true_reb_len1","q1","true_term_bio2","true_ss2","true_tot_cont2","true_reb_cont2","true_reb_len2","q2","true_term_bio3","true_ss3","true_tot_cont3","true_reb_cont3","true_reb_len3","q3","obs_tot_bio_cont1","obs_reb_bio_cont1","obs_reb_bio_len1","obs_tot_ind_cont1","obs_reb_ind_cont1","obs_reb_ind_len1","Depl_1","obs_tot_bio_cont2","obs_reb_bio_cont2","obs_reb_bio_len2","obs_tot_ind_cont2","obs_reb_ind_cont2","obs_reb_ind_len2","Depl_2","obs_tot_bio_cont3","obs_reb_bio_cont3","obs_reb_bio_len3","obs_tot_ind_cont3","obs_reb_ind_cont3","obs_reb_ind_len3","Depl_3"
"1",1,"Harv4",8,0.0520563055532966,130600.342573598,2288.82420977545,0.0175254073968881,52240.1370294392,0.0438135184922201,0.0502879308931912,199484.331835993,3377.28208892647,0.0169300619143519,79793.7327343971,0.0423251547858797,0.0504986284169537,121550.964354537,2066.48744362143,0.0170009958752276,48620.385741815,0.042502489688069,35228.1963840285,0.269740459250144,5.7856644495207,0.814052222008801,17,3.60029466589913e-05,73650.0558718757,0.369202208484362,4.54670461365712,0.934797264425604,18,8.93243319028989e-05,51201.4730846731,0.421234610161789,2.70146185240111,0.511199176389825,12,6.84995216364041e-05,5.34681191030431,0.650934991892222,12,5.93693917666414,0.860028032398622,17,0.269740459250144,5.8710967502403,1.1057924685344,19,5.39377076686369,1.04979402823552,18,0.369202208484362,4.79029731006568,0.959175495809431,10,2.95785290971344,0.482608041240881,11,0.421234610161789
"2",2,"Harv4",8,0.0490091345258582,183664.709539153,3030.38305582472,0.0164995390972413,73465.8838156611,0.0412488477431033,0.0520116247549232,189636.303624138,3320.60090250473,0.0175103650463795,75854.5214496553,0.0437759126159488,0.0506452642322243,116998.52431193,1994.86727013422,0.0170503626594102,46799.409724772,0.0426259066485254,58268.3179038751,0.317253750326236,3.52200124788704,0.434621854872084,16,3.31995023414493e-05,70666.5025212397,0.372642269284586,5.2644107617259,1.1156161818381,14,4.82302771345712e-05,64005.9218811978,0.547066061368018,4.167883005403,1.80226856444252,16,1.52646675566211e-05,4.90535434884956,0.439419575226133,16,3.75979288539116,0.32912854339951,20,0.317253750326236,6.81710200375916,1.28862565522092,15,6.21255609988541,1.24467154594806,14,0.372642269284586,6.62646813167069,2.42687663083266,19,4.27736326223277,1.80811993627973,15,0.547066061368018
"3",3,"Harv4",8,0.0481666706710331,194743.444724008,3157.94277382903,0.016215913086597,77897.3778896034,0.0405397827164925,0.0504587013089643,147350.920899771,2503.13171308281,0.0169875539141384,58940.3683599085,0.0424688847853461,0.0477900331232164,186342.28350129,2998.08211888031,0.0160891133378193,74536.9134005159,0.0402227833445483,77160.8486697605,0.396217951156781,5.29476561048804,1.17100130513726,18,9.15740499901585e-05,43151.5267865976,0.292848707854018,4.56318460779402,0.629171423945841,15,2.06300730584189e-05,62967.3405995814,0.337912251671777,5.18694779373,1.07108389313253,15,9.55813135509379e-05,8.88600329585177,1.11848714199935,23,5.52628961502902,1.50369838362683,18,0.396217951156781,6.03835833447048,0.714542357512587,9,4.96729581957452,0.651111149925444,15,0.292848707854018,7.67497147561485,2.36701975402438,20,5.54522506482375,1.1706987192904,15,0.337912251671777
"4",4,"Harv4",8,0.0516028517396959,124312.374112196,2159.64736101163,0.0173727464899228,49724.9496448785,0.0434318662248071,0.0490048751675072,113672.703295015,1875.38420947403,0.0164981051308936,45469.0813180059,0.041245262827234,0.0506422433426404,166820.579278283,2844.18171582828,0.0170493456390877,66728.2317113131,0.0426233640977193,50806.2449616283,0.408698211457002,3.80863890978293,0.965282121970829,19,6.6008880934678e-05,42321.8906716494,0.372313576125759,4.81093282118237,0.97194684730848,15,3.81610071472824e-05,53467.8557217455,0.320511150081506,4.44414019282665,0.582252234277765,16,5.52846048609354e-05,4.90855609073117,1.48029184142675,20,4.04189857887999,1.12675339968208,19,0.408698211457002,5.35356366052807,0.807587651681438,14,5.03585873740104,0.996860462004487,14,0.372313576125759,6.14814784406006,1.19364771279074,17,4.44404825514848,0.526674408857769,16,0.320511150081506
"5",5,"Harv4",8,0.0495643537735726,172592.29964111,2879.95460997554,0.0166864606124615,69036.919856444,0.0417161515311538,0.050179291095125,129785.883426666,2192.53612995535,0.0168934869653541,51914.3533706665,0.0422337174133852,0.0502430525484847,177743.354090489,3006.52049070466,0.0169149530573955,71097.3416361958,0.0422873826434888,63571.0909876665,0.368330980697614,5.44661885101707,1.11272549482017,12,7.21160786645487e-05,63020.3908017962,0.485571998571054,3.59117545908661,1.22934624345906,14,6.49700540280901e-05,69217.1878550018,0.389422086745157,4.10833356148993,0.989297915305728,16,6.6448093415238e-05,6.04833732451041,1.15401352578092,16,5.40740057016306,1.19098896545894,13,0.368330980697614,4.92543201663332,2.35821043556923,14,4.18202847241706,1.1680584048691,14,0.485571998571054,7.15872939100558,1.70956440210647,16,4.45529618154794,0.998524424894491,17,0.389422086745157
"6",6,"Harv4",8,0.0503967597223938,157360.469317064,2669.88795392198,0.0169667005030498,62944.1877268255,0.0424167512576245,0.0520693331708343,162698.169448413,2852.06528194496,0.0175297933075349,65079.2677793652,0.0438244832688371,0.0508655219218973,165053.318627179,2826.45805867414,0.0171245151699041,66021.3274508715,0.0428112879247603,55913.0461556256,0.355318247322758,5.58766511988153,1.17715300764056,20,4.10466905287467e-05,65981.7509944643,0.405546978298273,5.67779761634351,1.70816064499552,16,5.37816600734368e-05,48422.7758040588,0.293376565868608,4.99418469290662,0.758553320387119,13,6.08970142365433e-05,9.55504542151101,1.4510815529243,20,6.34575672309708,1.38877875528741,19,0.355318247322758,7.51337154948365,2.09965378903859,19,6.20481745754431,1.75465715522339,15,0.405546978298273,6.87958663110808,1.19584086819635,12,6.04782428581256,1.03633737621008,13,0.293376565868608
"7",7,"Harv4",8,0.0469939682333422,135258.926777169,2139.94610473488,0.0158211081199861,54103.5707108676,0.0395527702999653,0.0514565258880946,135790.691198781,2352.36787432809,0.0173234840588926,54316.2764795125,0.0433087101472315,0.049879584924818,171431.969362311,2878.78628213868,0.0167925871285684,68572.7877449244,0.041981467821421,51338.9861082549,0.379560797438773,3.73124911979841,0.580695129924653,18,5.60860902164131e-05,36155.2570857168,0.266257257891042,6.72800090889372,0.92454369381133,18,3.6105501675047e-05,52640.7022493486,0.30706467670622,6.52614789435029,1.2400928632326,15,6.2978265248239e-05,4.32197417497558,0.748032735265307,10,3.89398347053502,0.566997182788782,18,0.379560797438773,9.78265312510695,1.27947328695329,13,7.39069880292317,0.916199584460558,18,0.266257257891042,8.62206342007181,1.47571319927519,15,6.71010283505485,0.940310528611527,15,0.30706467670622
"8",8,"Harv4",8,0.0504209577440464,134403.43553666,2281.4777639414,0.0169748470701785,53761.3742146641,0.0424371176754462,0.0502792166785879,195140.38937632,3303.16638110952,0.0169271281648388,78056.155750528,0.0423178204120971,0.0481999752673512,124675.417714752,2023.12364954457,0.0162271254961689,49870.1670859009,0.0405678137404223,43283.0930709427,0.322038591484789,3.61219579081843,0.485305036127238,17,4.9654282645788e-05,55595.6865447921,0.28490097166701,5.4983250634241,0.851379124777608,17,4.898883335758e-05,61682.8740376107,0.494747682969359,3.56051184952366,1.25630267070614,16,7.43389072921127e-05,5.59629580687952,0.52379303372152,19,3.75655830565364,0.531851534902179,17,0.322038591484789,6.67077539216806,1.20962463249837,13,5.37118092540207,0.7103587672516,14,0.28490097166701,3.50213076169452,1.14267719715185,16,3.62694223427217,1.38612634980895,17,0.494747682969359
"9",9,"Harv4",8,0.0487834782794469,157441.293122247,2585.74795599801,0.0164235690949913,62976.5172488987,0.0410589227374783,0.0512212193669511,130177.541589364,2244.81604644473,0.0172442651707607,52071.0166357458,0.0431106629269018,0.0486408391183379,148221.597704105,2427.2098633096,0.0163755478345001,59288.639081642,0.0409388695862503,56439.9239373446,0.358482344866929,3.9797737183006,0.785160959443107,16,8.28563540312462e-05,46894.5898638261,0.360235638891935,4.75198602360728,1.07207036011165,13,8.72866410552524e-05,53505.2776552698,0.360981655062729,5.89878687768164,1.30424793308486,17,2.9936502140481e-05,6.56687089379057,1.53689336928099,14,4.35948424134326,0.792868254529012,16,0.358482344866929,6.39208964702232,1.56286561167672,15,5.23803342200908,1.20730719887953,11,0.360235638891935,7.78984981996131,1.64917348901768,17,6.04413020359099,1.4345383309004,18,0.360981655062729
"10",10,"Harv4",8,0.0488756870997585,194679.745589383,3203.37974597061,0.0164546123494899,77871.8982357532,0.0411365308737248,0.0521704182945611,190969.760413282,3354.15942942254,0.0175638248807756,76387.9041653126,0.0439095622019389,0.0527878935114455,124707.744666375,2216.2693302274,0.0177717056479249,49883.0978665501,0.0444292641198123,80995.7879484891,0.416046300570604,2.95246583840885,0.572139791959725,17,4.54961808701046e-05,69771.9719072318,0.3653561263115,4.24444962124365,0.884680675614383,17,2.17625336814672e-05,44917.7969119395,0.360184502029974,6.56905618828302,1.72230673599364,18,3.19017587602139e-05,3.88836655219816,0.274926136339025,19,3.13028825430443,0.695397611225266,18,0.416046300570604,7.30612467521157,1.44089447733656,13,4.32551948402956,0.864636743883371,15,0.3653561263115,7.44951034119222,2.07485852261437,16,7.17650492667248,1.77308899683638,18,0.360184502029974
"11",11,"Harv4",8,0.0520880369277925,189181.274920702,3317.49989390061,0.0175360901616251,75672.5099682808,0.0438402254040627,0.0511454780563359,140270.900609903,2415.29180154433,0.0172187659096972,56108.3602439612,0.0430469147742431,0.0510510463634213,173186.926566996,2976.5592555336,0.0171869742972899,69274.7706267983,0.0429674357432249,58086.3840069471,0.307040874057408,5.75197192522194,1.07313136153122,16,7.25229009985924e-05,58755.8198461883,0.418873904642487,4.46074087641993,1.13461988198871,19,2.10993214603513e-05,51468.6385412243,0.297185472145405,4.74799602778684,0.708220913407747,12,4.73394319531508e-05,7.74871037658693,1.49032148187853,15,6.42572360032528,1.20184272252447,18,0.307040874057408,4.87581204130821,1.52899425316817,15,5.15818681189732,1.18384770396015,17,0.418873904642487,6.21128425875491,0.726288726069147,14,4.67879282338328,0.705846223438811,12,0.297185472145405
"12",12,"Harv4",8,0.0507228723977665,135269.583994523,2309.9297552772,0.0170764904205718,54107.8335978091,0.0426912260514295,0.0506652527896644,183333.422290161,3127.13506125241,0.0170570920576779,73333.3689160645,0.0426427301441947,0.0503781453033591,144572.466285899,2452.01173300165,0.0169604337256907,57828.9865143597,0.0424010843142268,76980.8668567143,0.569092212628017,3.62100547828314,1.59907621633708,17,3.18524347804487e-05,70414.7568196057,0.384080305380218,3.94653490357902,0.89986663634054,15,2.25428697979078e-05,70030.3288415648,0.484396030867152,3.78510785422935,1.31788725185993,19,3.74785344232805e-05,6.20598515910095,3.0679548470368,18,4.25499243852005,1.69805444640326,16,0.569092212628017,4.64940253819259,0.747887712489994,22,4.49016533924726,1.00602692147953,21,0.384080305380218,7.29678476322436,1.65811044877244,14,4.21643968821918,1.19403084821292,19,0.484396030867152
"13",13,"Harv4",8,0.0493870039259229,121638.007601723,2022.44517647188,0.0166267535645103,48655.2030406892,0.0415668839112757,0.0493696204070488,124785.369611345,2074.04529765763,0.0166209011851103,49914.1478445381,0.0415522529627757,0.0495234983155584,198054.429725744,3302.10330074093,0.0166727061107067,79221.7718902975,0.0416817652767667,36214.1455516608,0.29772064065893,4.38247773219808,0.507726625462643,15,4.64895340660587e-05,62870.8957385384,0.503832267631656,4.49982841151478,1.62094481630273,14,9.75893556792289e-05,66076.9348694449,0.333630179142901,3.95440805095022,0.65294004558555,20,4.59426543419249e-05,6.35779797492244,0.453566065791644,21,5.3712639571171,0.649235966144568,19,0.29772064065893,6.59598893068839,2.91295876879323,14,4.87490231533143,1.61480549075902,16,0.503832267631656,5.19592070702573,1.56200886758464,21,4.5803307783205,0.752198162982168,21,0.333630179142901
"14",14,"Harv4",8,0.0497437706598637,112127.293995582,1877.78049332037,0.0167468635548662,44850.9175982326,0.0418671588871654,0.0482863289299082,177681.869547814,2888.43157037202,0.0162561975384593,71072.7478191257,0.0406404938461482,0.0484860423721857,109424.26181864,1786.17966881952,0.0163234335707007,43769.704727456,0.0408085839267516,45552.7824169688,0.406259535869686,6.28317358215113,1.71287696901916,21,3.61186968861148e-05,42824.5432585199,0.241018081177921,6.50827924429306,0.809631056407524,14,9.67105060489848e-05,41000.0107781592,0.374688484041251,3.33593152092407,0.414277865077236,12,4.13868715986609e-05,8.87029185495432,2.10962084865777,21,7.2275137867112,1.67438759607603,21,0.406259535869686,7.6558819944407,0.816110217345437,12,6.59606167151658,0.763630956270843,13,0.241018081177921,6.47101459551627,0.727303862632734,7,3.5423153328724,0.441667904411873,6,0.374688484041251
"15",15,"Harv4",8,0.0506903189802561,192416.157829575,3283.68388801499,0.0170655309047558,76966.4631318301,0.0426638272618896,0.0516983496960265,110679.152491502,1926.35925727099,0.0174048970732667,44271.660996601,0.0435122426831667,0.0488369399846592,106909.812358208,1757.76491209996,0.0164415676477895,42763.9249432832,0.0411039191194737,87260.3808460933,0.453498198022334,4.06402634816116,1.2965268236287,16,8.61047851433978e-05,47716.3305294046,0.431123020508023,5.01642401400413,1.2180079138842,20,2.60351653210819e-05,27275.2661380684,0.255124067065808,7.44902938248001,1.15555073881681,14,1.77206581202336e-05,5.47619851531921,1.76260696613224,14,4.30979585581375,1.4667708865971,21,0.453498198022334,6.27947714380354,1.42623171808263,18,5.50241383970234,1.29309378999881,19,0.431123020508023,10.6934182532004,1.80670905901916,15,8.16107117583568,1.24161108881988,14,0.255124067065808
"16",16,"Harv4",8,0.0511161266236326,107461.345242336,1849.28986582882,0.0172088843821793,42984.5380969346,0.0430222109554482,0.0495465498044629,171999.42576699,2869.03069103968,0.0166804666832226,68799.7703067958,0.0417011667080564,0.0497729569138857,145602.104789577,2439.80925656131,0.0167566894729118,58240.841915831,0.0418917236822794,32175.9249665266,0.299418594602241,4.28901691664813,0.534154128535503,15,9.37852271017618e-05,82063.4317112777,0.477114567943095,3.46883207598196,0.955912995708125,12,5.59578838944435e-05,38510.1408249473,0.264488902001807,5.7268571299003,0.695976520661461,16,4.72953303600661e-05,5.24056403012262,1.37951697419354,21,4.75148427420518,0.74562793810833,16,0.299418594602241,4.75419996359792,1.36389022368926,18,3.57092169067789,0.936764868484955,11,0.477114567943095,7.83833570188223,0.487646170468858,16,5.72050968865582,0.835881340689314,15,0.264488902001807
"17",17,"Harv4",8,0.0498287955783821,148040.971998125,2483.45958758035,0.0167754882588301,59216.3887992501,0.0419387206470754,0.0501688644185682,151228.818297386,2554.25121651484,0.0168899766940716,60491.5273189545,0.042224941735179,0.0489482293491056,123135.045799427,2029.1466810019,0.0164790346065015,49254.0183197707,0.0411975865162537,62698.5542206872,0.423521633061699,4.59923585093708,1.35570072951494,14,2.03051133360714e-05,52632.4805830183,0.34803208261218,4.73495470106671,0.83338405045326,15,2.49564663716592e-05,58648.924711603,0.47629758311972,3.91553108907584,1.34125557747667,16,7.45523792784661e-05,5.161080677419,1.31016478017015,11,5.05320727066718,1.58546430758573,14,0.423521633061699,7.64650879086202,1.18945774064566,18,5.38514563043054,0.909096771619961,19,0.34803208261218,4.70093625984856,1.4632287409111,13,4.1830007205055,1.19014924002343,14,0.47629758311972
"18",18,"Harv4",8,0.0496924623093627,118365.674861707,1980.20920529063,0.0167295899559076,47346.2699446827,0.041823974889769,0.0486449537479719,164471.017522737,2693.53084692994,0.0163769330761122,65788.407009095,0.0409423326902805,0.0490373652052727,159414.766076952,2631.78527727835,0.0165090433091244,63765.9064307809,0.0412726082728111,40507.6741175946,0.342224839801927,4.15739062445795,0.518183827856466,15,7.18085218896158e-05,44242.9936048064,0.269001762567013,6.8253190938444,1.10502462889345,18,9.19254689500667e-05,44069.5810839815,0.276446041784538,4.34793978906707,0.389692236032687,18,9.30419071041979e-05,4.6697328638197,0.579780960376056,9,4.58464111905424,0.513129416616903,18,0.342224839801927,9.72382475803592,1.79928304486346,12,7.83452954151072,1.2156341346477,17,0.269001762567013,7.8174643533084,0.603706228789793,16,4.42662242409996,0.205611612395541,19,0.276446041784538
"19",19,"Harv4",8,0.0511372636997128,184966.795076616,3184.3884260968,0.0172160004436352,73986.7180306464,0.0430400011090879,0.0506587129168839,158535.142289475,2703.79946481403,0.0170548903275784,63414.0569157898,0.0426372258189461,0.0486814221648272,127090.178942308,2082.90771111829,0.0163892106255025,50836.0715769231,0.0409730265637563,72162.9077014759,0.390139796018982,4.37912318696771,0.924510668578267,17,7.70639938488603e-05,57714.7519971565,0.364050210973244,4.69586687678126,1.00363487916392,17,1.36010838672519e-05,59095.0529189732,0.464985205078665,3.88061008684034,1.26941148213846,20,4.77186111058109e-05,5.72619222857998,1.74014906071679,17,4.83647015426748,1.08541742154524,17,0.390139796018982,8.181820940795,1.05298343331561,16,5.28679809339672,1.23764715071743,17,0.364050210973244,6.26845335189501,1.45105904843409,21,3.99409762645366,1.35048761371834,18,0.464985205078665
"20",20,"Harv4",8,0.0509989614291889,152793.447906151,2623.37782188086,0.0171694392516896,61117.3791624606,0.0429235981292239,0.050122445190645,120677.716122009,2036.35790795681,0.016874349079477,48271.0864488035,0.0421858726986926,0.0520312697165372,101183.804497123,1772.43455512332,0.017516978768808,40473.5217988491,0.0437924469220201,45729.3123769534,0.299288438107904,4.93194405969564,0.758022740121623,12,2.84249788732268e-05,45914.9261377913,0.380475597428194,3.66628694111515,0.775408311692165,17,6.07935067848302e-05,37443.5904907116,0.370055175102418,4.66078794223727,1.05101203816173,15,4.32336389319971e-05,7.14335030769779,1.29403542040274,17,5.43532969783736,0.784960420029086,12,0.299288438107904,7.29327675204455,1.09247122432535,21,4.03530644458765,0.762500540926405,17,0.380475597428194,8.17843800458978,1.26834542190933,15,4.55295835185229,0.87575383087356,15,0.370055175102418
"21",21,"Harv4",8,0.0520932233133734,192098.195268773,3368.98668741582,0.0175378362233031,76839.278107509,0.0438445905582576,0.0504369482961597,129688.645456918,2202.14309177725,0.0169802304898681,51875.458182767,0.0424505762246704,0.0510436215478328,110063.83204367,1891.38913054757,0.0171844746401081,44025.532817468,0.0429611866002703,87760.8669903281,0.456854198278845,3.98147935564695,1.22921050826598,20,3.62774759694003e-05,39945.4776061696,0.308010600815778,4.069780745441,0.519375030250363,15,8.40601227735169e-05,37277.9630628528,0.338694032096411,3.69652416471339,0.567576166658935,12,6.63865279383026e-05,6.64743645763529,1.93358542457598,16,4.34815398235789,1.17619995240339,21,0.456854198278845,5.25380847742126,0.720555974733474,20,4.91953130491839,0.835931831032694,15,0.308010600815778,5.98554961701791,1.29570206697373,18,4.52798437034616,0.746287808897115,12,0.338694032096411
"22",22,"Harv4",8,0.0503686635026658,178752.860077657,3031.15542764615,0.0169572415587046,71501.1440310627,0.0423931038967615,0.0489289798909593,131496.571307071,2166.08437630846,0.01647255403527,52598.6285228282,0.0411813850881751,0.0516924883383423,182049.340009689,3168.19078725458,0.0174029237737745,72819.7360038757,0.0435073094344363,46179.0822154747,0.258340382332416,4.48889888537741,0.368905770589997,15,4.33823904721066e-05,57708.0554432367,0.438855970688977,3.87534649441259,1.06284399476351,16,8.38122215960175e-05,78759.0925837284,0.432624982763115,3.49852419796087,0.850811027986235,16,6.50990137155168e-05,7.26421027659299,0.807746728222892,15,4.50885034702971,0.313676935046084,15,0.258340382332416,4.20783907615021,0.783666804260007,19,3.83736000404196,0.968672182568351,16,0.438855970688977,4.58322919648633,1.07354282608606,17,3.45573853006932,0.657256147934321,16,0.432624982763115
"23",23,"Harv4",8,0.0476660591078108,184692.819020711,2963.83509885035,0.0160473759324557,73877.1276082844,0.0401184398311393,0.0501653615946583,171407.688921317,2894.86973519743,0.0168887974245209,68563.075568527,0.0422219935613023,0.0504183416111067,170382.581627928,2892.06820142831,0.0169739663162509,68153.0326511711,0.0424349157906272,72922.1975524348,0.394829630838314,5.65990876812509,1.56621919910568,15,3.80566544225439e-05,64819.9219452606,0.378162277043566,4.40672411366998,1.04461910217179,12,3.27603793796152e-05,49952.1995453877,0.293176679611949,5.40932082226142,0.879063397238327,15,1.74887380679138e-05,9.24748100267058,2.52124270945798,19,6.51440539346209,1.56423181313943,15,0.394829630838314,5.40364912577232,1.1287115336502,20,4.97970928175494,1.05060682909267,12,0.378162277043566,7.93489041730234,0.737087003225689,13,5.91166574904297,1.08058098398983,15,0.293176679611949
"24",24,"Harv4",8,0.0494962317479063,145215.230062604,2419.79783132061,0.0166635264791262,58086.0920250416,0.0416588161978155,0.0488394897249872,102289.844001643,1681.89319564389,0.0164424260498126,40915.9376006573,0.0411060651245316,0.049256750380785,134287.500008941,2226.87646278598,0.0165829020767958,53715.0000035763,0.0414572551919895,57885.1389984227,0.398616171137612,3.64104555923985,0.785016638164254,17,7.25792191526853e-05,46319.1839473093,0.452822901426706,3.22831263105052,0.788544082323662,18,5.51019524410367e-05,40490.3230831113,0.301519672943613,5.55619985844228,0.890823112854553,15,1.61629694048315e-05,6.8709175364567,0.9606274201026,20,3.91801182131765,0.917845410713821,16,0.398616171137612,4.88910010406043,0.961584211816567,22,3.50851391495333,0.962748088577114,18,0.452822901426706,7.01751225021027,0.669086525213701,19,5.38763532013252,0.94659409100439,15,0.301519672943613
"25",25,"Harv4",8,0.0497421699340711,137773.116165772,2307.19333141963,0.0167463246504751,55109.2464663088,0.0418658116261877,0.0511089605178816,191401.220834814,3293.33971316389,0.0172064718229052,76560.4883339256,0.0430161795572631,0.050223656560054,161814.796505496,2736.03305204029,0.0169084231549082,64725.9186021984,0.0422710578872705,37858.5073640684,0.274788786213677,4.77131951056946,0.585893883160692,12,2.18140982906334e-05,65095.2441667677,0.340098374936423,5.47828407249936,1.10474847498462,16,7.48928640875965e-05,54089.9037509548,0.334270443241682,4.00700376897544,0.521296534168733,16,9.26836230093613e-05,7.44076840411998,1.14210353956086,20,4.88147771081797,0.550487708281324,9,0.274788786213677,7.78537176333107,1.75976449308325,15,6.00523402758005,1.27741117856244,16,0.340098374936423,6.40148869604366,0.915550824914884,14,4.25493604075201,0.546285498624529,15,0.334270443241682
"26",26,"Harv4",8,0.0497366867875992,167618.651827797,2806.68694198898,0.0167444786805255,67047.4607311189,0.0418611967013138,0.0496126650388376,148713.036603294,2483.9129848052,0.0167027252051296,59485.2146413177,0.041756813012824,0.0486383956598816,194712.163228542,3188.3581686131,0.0163747252136005,77884.8652914166,0.0409368130340013,48193.75622745,0.287520247310912,5.77870925193133,0.873457285551132,14,1.38795923185535e-05,53644.8839588384,0.360727513768286,3.56922161963861,0.59181312533443,19,7.62909339787438e-05,64510.7054984096,0.331313177506485,6.0616183995859,1.0923181665179,18,4.74077446735464e-05,7.4777677049213,0.595605645078826,15,5.75920297291342,0.953103439847169,12,0.287520247310912,7.94931669446889,1.18315354538858,13,3.53191337324154,0.737522839232463,19,0.360727513768286,7.48011176786025,1.3163027791901,17,7.13053811692491,1.23327396815967,18,0.331313177506485
"27",27,"Harv4",8,0.0506765109959375,189996.563806199,3241.50900753477,0.0170608822738562,75998.6255224794,0.0426522056846406,0.0522085897897352,155253.188428469,2728.83495880835,0.0175766757928171,62101.2753713876,0.0439416894820428,0.0490897926454925,153827.928053215,2542.26704385043,0.0165266936636562,61531.1712212861,0.0413167341591404,73285.3328353752,0.38571925390255,5.91438071846238,1.59225189874656,11,1.9656638763845e-05,91159.6957946011,0.587167946226121,3.29160091235792,1.51989049373134,21,3.58717367658392e-05,46643.775591314,0.303220463160487,4.21198474191405,0.569192008085582,18,9.00430629169568e-05,10.7766902953466,1.72224258447423,13,6.5211874098167,1.59791225780142,10,0.38571925390255,6.63572159089936,1.98315070055642,17,3.77518387644414,1.70506463249884,17,0.587167946226121,6.71867848913657,0.483720044458372,18,4.88644227986463,0.644514662430529,15,0.303220463160487
"28",28,"Harv4",8,0.0466746314699077,133931.464026682,2104.54537251672,0.015713599398103,53572.5856106728,0.0392839984952574,0.0488176358099157,198153.319396079,3256.66340859574,0.0164350686555301,79261.3277584314,0.0410876716388253,0.0493325797782123,167978.258500807,2789.85531470016,0.0166084309933881,67191.3034003228,0.0415210774834703,36662.7112945299,0.273742332027565,5.30010163997279,0.647793244067559,12,2.6553239650093e-05,83640.6189906939,0.422100519161675,3.24935496249559,0.793654935771629,17,8.77342111524195e-05,52867.4723138079,0.314728065320155,4.41376439371779,0.683634116301039,14,7.40352050191723e-05,6.82479550966311,0.938839710008315,19,6.0637210273215,0.667509610226769,14,0.273742332027565,5.17524385384851,1.93844908565025,12,3.70458485323712,0.870368531523769,17,0.422100519161675,5.8097544683814,1.25088877866343,13,5.22091218295425,0.755602001074029,14,0.314728065320155
"29",29,"Harv4",8,0.0487746215400461,151413.696445525,2486.30183039607,0.0164205873627198,60565.4785782099,0.0410514684067994,0.0494621844198043,129057.965683751,2149.08150680448,0.0166520640195947,51623.1862735003,0.0416301600489869,0.0541275228621901,147360.482648946,2685.30714197994,0.0182227086509827,58944.1930595785,0.0455567716274567,49884.2185002943,0.329456447278807,3.60703379713211,0.517816987296536,16,5.97235604072921e-05,49305.2847654843,0.382039841587958,3.8055483084777,0.760344467512668,19,5.64015687070787e-05,54478.4312103795,0.369694983560568,3.68839444505086,0.733275907288536,18,9.06572232558392e-05,4.56625760657121,1.17062895290141,19,3.68648638827175,0.476282306005782,21,0.329456447278807,5.39546283903987,1.16961830574871,13,4.01873076164947,0.646001359777958,19,0.382039841587958,4.71991689816722,0.678005881723687,21,4.19887472002321,0.722580526660102,18,0.369694983560568
"30",30,"Harv4",8,0.0498415769174301,189113.22846543,3173.28049753776,0.0167797912567382,75645.2913861722,0.0419494781418454,0.0483929026272163,176178.908464499,2870.32032640393,0.0162920769087539,70471.5633857995,0.0407301922718848,0.0499076777247852,183321.80257421,3080.18116196208,0.0168020449216083,73328.7210296839,0.0420051123040207,44357.4770083323,0.234555125351481,5.96506845784028,0.633692505210371,14,6.33150828280486e-05,83025.8471222733,0.471258721295821,3.46968111183453,1.008418319441,9,9.43049237481318e-05,69477.6635057043,0.378992910445441,3.81621527478414,0.825311444322228,20,1.73434597998858e-05,6.77188377024623,0.706784000302595,13,5.77381244157452,0.587882805687738,14,0.234555125351481,5.65741184000712,1.52975170520293,17,4.41634678662936,1.37700134156506,9,0.471258721295821,8.0286251229805,1.09139315900991,13,4.36063459054109,0.902374427214316,20,0.378992910445441
"31",31,"Harv4",8,0.0508209197801489,164977.078698575,2822.67521253139,0.0171094993001338,65990.8314794302,0.0427737482503344,0.0485826665178146,106084.666121751,1735.11690575678,0.01635596329978,42433.8664487004,0.0408899082494501,0.0502964614250901,170482.994569466,2886.77726529532,0.0169329338247814,68193.1978277862,0.0423323345619534,61601.7322241808,0.373395702664438,4.38514253051564,0.77185277954869,14,8.85028883139603e-05,36321.2673210047,0.342379993724254,4.7362687138411,0.963983646245548,18,6.25194947910495e-05,57653.1952746346,0.338175636932181,4.57101322980332,0.883980947346344,16,7.96889128279872e-05,6.90276366967011,1.02496183548907,14,4.72181276871996,0.797190551959636,15,0.373395702664438,6.28801878040681,1.42001910992916,20,6.35181697478909,1.38177241899449,17,0.342379993724254,6.97727576505884,1.42794439956476,16,5.46931058140571,1.03534455511406,16,0.338175636932181
"32",32,"Harv4",8,0.0503171840287057,102056.890469976,1728.83457504785,0.0169399103488898,40822.7561879903,0.0423497758722244,0.0517941742931487,186142.446449958,3245.79517932539,0.017437157624325,74456.9785799831,0.0435928940608125,0.0498897607766008,142579.561518505,2394.76816260381,0.0167960129565485,57031.8246074021,0.0419900323913712,37794.9086197753,0.370331767367479,4.72234878115646,1.09066857155051,17,2.91284004878253e-05,60441.5346198809,0.324705814136433,4.89996197953596,0.751249855439313,14,9.90501868515275e-05,39640.8065413417,0.278025869340304,3.87308716157925,0.353291677380357,15,7.68489647144452e-05,10.2609268910729,2.72338583018559,22,5.02605360175943,1.16336734017988,17,0.370331767367479,7.16007995793172,1.69549782721891,15,5.12959026424531,0.781641431125962,10,0.324705814136433,5.18497895534469,0.278035985274804,1,4.25607533353996,0.320339124650889,16,0.278025869340304
"33",33,"Harv4",8,0.0487134493387245,100337.639893405,1645.53658936122,0.0163999929748136,40135.0559573621,0.040999982437034,0.0489545030321266,195376.699161716,3220.03204464804,0.0164811467204837,78150.6796646863,0.0412028668012093,0.0500670353636613,122188.648278825,2059.57454717105,0.0168556946670796,48875.45931153,0.0421392366676989,37085.2520707375,0.369604588169858,4.41965554729284,1.00312955657966,13,8.03931052004918e-05,56731.8671889359,0.290371714909454,5.22117096927039,0.806452083091952,14,8.81428134883754e-05,43866.2324448946,0.359004155155193,4.63924458824235,0.843941194797964,19,7.47106442367658e-05,6.14148313024492,1.42781746494259,14,4.51398603716712,1.11970200498571,17,0.369604588169858,7.0610553317263,0.792314699557803,15,5.22056690229756,0.706301784566128,14,0.290371714909454,7.30340902654593,1.26946205274139,19,4.83568011700684,0.882959159686929,17,0.359004155155193
"34",34,"Harv4",8,0.0505355364575141,134862.914541736,2294.47960030186,0.0170134214294456,53945.1658166945,0.042533553573614,0.0504216091664561,169355.273316614,2874.81700630064,0.0169750663796934,67742.1093266457,0.0424376659492334,0.0499799815745737,135841.930494644,2285.72888224825,0.0168263869184219,54336.7721978575,0.0420659672960548,44007.4231147613,0.326312265045571,4.02581533067402,0.639985184252994,13,6.77239668928087e-05,58342.1841107597,0.344495822115249,5.04692075259302,1.05229745950921,15,3.76641106186435e-05,50111.5798885796,0.3688962583652,5.43334821550997,1.3142927640838,16,6.93858551117592e-05,5.14394475680247,0.623935958276338,14,4.30981652217681,0.666174967346545,13,0.326312265045571,9.47999868016215,1.19582030240059,12,5.90824598336236,1.05407765730518,15,0.344495822115249,7.58897825851566,2.59105036771272,19,5.40395491052555,1.23301235103402,20,0.3688962583652
"35",35,"Harv4",8,0.0511381462643489,135863.872780465,2339.07286281146,0.0172162975700762,54345.5491121858,0.0430407439251905,0.0502257592836206,141128.815850243,2386.36564399732,0.0169091310631387,56451.5263400972,0.0422728276578466,0.0510372161280521,166298.658959568,2857.39647036823,0.0171823181752954,66519.463583827,0.0429557954382385,37831.8357712898,0.278453977478033,3.58097232431394,0.275589964422007,23,6.33970737247728e-05,54160.0082678502,0.383762932761523,4.1380818820432,0.882583157418068,12,4.86258770641871e-05,39773.1311020688,0.239166878139041,6.31372436205842,0.74920062324296,15,2.72872143494897e-05,6.91621150438468,0.738341368169089,13,3.9047093964401,0.392804723180405,22,0.278453977478033,6.043465489208,1.08447037476648,15,4.71342452452216,0.801125965205802,12,0.383762932761523,6.93867256083821,0.926565221123789,15,6.94434671152543,0.78895890658541,14,0.239166878139041
"36",36,"Harv4",8,0.0502601582792912,187980.991113,3180.77219630019,0.0169207119159626,75192.3964451998,0.0423017797899065,0.0489866551745409,165306.665468961,2726.23275649626,0.0164919711420116,66122.6661875844,0.0412299278550289,0.0470827994121712,155422.600917518,2463.60586178608,0.0158510142491664,62169.0403670073,0.0396275356229159,56686.0242048718,0.301551895589254,4.6051431481833,0.652095043709388,14,2.56775999744423e-05,57614.0190810491,0.348528106338622,4.73075893594081,0.841939079727907,20,1.65786445373669e-05,39655.5424882637,0.255146563332244,5.59521493597254,0.68274642535088,14,1.91514267586172e-05,6.74113047998981,1.0347658513757,18,5.10290712818486,0.77780359795293,15,0.301551895589254,8.75804745591411,2.09390762207485,19,5.22615568096422,0.985082552187418,22,0.348528106338622,7.41090625485142,0.483130532980999,9,5.79613273289898,0.702285074215247,17,0.255146563332244
"37",37,"Harv4",8,0.0498129283480725,132171.924761496,2216.5425225328,0.0167701463569706,52868.7699045986,0.0419253658924265,0.0490578269062944,157922.840421088,2608.24289318454,0.0165159319971062,63169.1361684352,0.0412898299927654,0.0508040396599111,194467.271328904,3326.13250387782,0.017103816396191,77786.9085315615,0.0427595409904775,45238.0411396907,0.342266644155501,4.76055131620911,0.971644567484446,13,3.38526239874773e-05,74474.7081643553,0.471589213857696,5.94278948607876,2.27414463571936,19,3.34539919462986e-05,46077.8018535603,0.236943736283668,5.39581346355883,0.510495030772285,16,1.38705834909342e-05,8.71647077621444,1.01581245526118,13,5.18792021948748,0.953337182147395,8,0.342266644155501,8.11825421387502,2.30906217619091,18,7.18542355175027,2.5082199364365,19,0.471589213857696,7.92149910189416,1.38408223594597,14,5.69568106245764,0.660548111452359,17,0.236943736283668
"38",38,"Harv4",8,0.0488467954064131,188746.62485905,3103.91665300184,0.0164448855989862,75498.64994362,0.0411122139974654,0.0490379686221143,173592.504393309,2865.88143811065,0.0165092464569634,69437.0017573237,0.0412731161424086,0.0505894697792023,129852.872993797,2211.59943332546,0.0170315787578385,51941.1491975188,0.0425789468945963,57219.4994659407,0.303155086924974,6.61386582073339,1.18829158538651,15,4.60737415449694e-05,54504.0261140834,0.313976840789124,4.51791012384495,0.732495988443164,21,7.9986429088749e-05,43248.5046629667,0.333057741934078,5.56818067949069,1.18758342572621,21,7.65189829329029e-05,9.96956003899139,1.35165887729385,13,7.38302422675526,1.54035994939222,14,0.303155086924974,7.56501907190824,1.08781648976788,22,4.50135233381016,0.787683523786776,20,0.313976840789124,6.73319361329616,1.31993797449007,15,6.11990733104168,1.21503568076764,19,0.333057741934078
"39",39,"Harv4",8,0.0475898461247213,116610.798519105,1868.30531527835,0.0160217178769448,46644.3194076419,0.0400542946923621,0.0497096210307042,106513.757165521,1782.54677990295,0.0167353666544021,42605.5028662086,0.0418384166360052,0.0503171123646214,176572.996703908,2991.12647409087,0.016939886222278,70629.1986815631,0.0423497155556951,37360.4213584859,0.320385606075453,5.27025657115455,1.00889995179794,20,5.6909310517367e-05,43794.1004753847,0.411159099451624,3.19388159623971,0.571770446377042,16,2.49637651653029e-05,56215.6921198599,0.318370833418697,4.15093923321913,0.639908816569036,18,4.30977698322386e-05,8.57788102954895,1.55580896261597,21,5.69210414716067,1.25499590648058,21,0.320385606075453,4.3607445572351,0.488449697119116,18,3.27715950978695,0.680470475906482,20,0.411159099451624,5.39889610483987,0.738153731400465,18,4.58274029520535,0.759450906707996,18,0.318370833418697
"40",40,"Harv4",8,0.0497085073425846,148159.60987471,2479.44984409834,0.016734991717345,59263.8439498842,0.0418374792933625,0.0498439804555052,162759.111798368,2731.19562272264,0.0167806004379413,65103.6447193474,0.0419515010948533,0.0481509074879045,140866.979653947,2283.53913565869,0.0162106062135244,56346.7918615788,0.040526515533811,45720.7280377968,0.308591039598849,4.19369836518344,0.602728777874803,21,5.91113846306689e-05,47952.056587554,0.294619797673501,5.11339396288072,0.801126892442317,14,1.95280598034151e-05,49678.3698222649,0.352661567276479,4.12398915450214,0.679395967923024,17,8.31689720088616e-05,5.64855238141407,0.304665025486393,13,5.09025816077505,0.896781288216703,11,0.308591039598849,6.11472242131556,0.582526832066343,11,5.38040739777553,0.855299617131978,11,0.294619797673501,6.8083725200372,0.89392269437037,18,4.39433576602232,0.799082892600983,17,0.352661567276479
"41",41,"Harv4",8,0.0501686932464942,181981.778261252,3073.65750647372,0.0168899190668485,72792.7113045007,0.0422247976671213,0.0498626457336983,147534.116823226,2476.63815497227,0.0167868843376732,59013.6467292905,0.041967210844183,0.0482688068799572,155800.991295837,2531.81261839964,0.0162502985208368,62320.3965183347,0.040625746302092,79825.6319158636,0.438646290186628,4.11908536853846,1.05492599438088,13,5.7464059968479e-05,68913.3245779201,0.467100939510088,3.94842344894295,1.311413242095,12,8.88690153765492e-05,58894.8356835593,0.378013228245313,3.1756648252682,0.578456540670036,16,3.24994267406873e-05,7.30317249272407,1.12768234469066,10,4.82907983176524,1.15158622792779,13,0.438646290186628,5.19586881849306,1.66851421337307,11,4.04803850894234,1.26583405668119,11,0.467100939510088,5.01849179997111,0.746942119440875,14,3.27296503614538,0.575246217359605,14,0.378013228245313
"42",42,"Harv4",8,0.0512100938449585,193815.743038431,3341.48412137321,0.0172405196244076,77526.2972153723,0.043101299061019,0.0518121579888607,165929.003315978,2894.33479187383,0.0174432120607762,66371.6013263911,0.0436080301519405,0.0501428645370529,131617.579609156,2221.86577899671,0.0168812235082475,52647.0318436623,0.0422030587706186,65285.2600699001,0.336841884185615,4.06731843987345,0.694814090000389,19,1.3847358871717e-05,60753.8718613745,0.366143776237125,3.46100809552655,0.633370349920477,22,3.61150334496051e-05,44675.2599451249,0.339432316547608,4.13229816448748,0.742067855185021,16,5.77335502882488e-05,8.22954013992583,1.48465680382521,22,4.1466206016498,0.80122624324467,17,0.336841884185615,7.4997255036675,1.4771670291814,19,3.29017792871158,0.713663940915791,20,0.366143776237125,6.15717905721543,0.734043198455083,17,4.75502290836008,0.800213117212078,16,0.339432316547608
"43",43,"Harv4",8,0.048540991239684,137906.227307394,2253.65429871256,0.0163419327953127,55162.4909229577,0.0408548319882818,0.0502098873604871,134468.356869183,2273.02454093403,0.0169037875813812,53787.3427476734,0.0422594689534529,0.0496739088724132,163228.767924011,2729.73078917863,0.0167233437089314,65291.5071696043,0.0418083592723285,41864.9381675728,0.303575400364303,3.45209236175054,0.351545721177276,20,3.16524524404667e-05,40655.7640628092,0.302344469802371,5.1342784237098,0.832163245840741,12,1.92142927087843e-05,50961.4740025627,0.312208899513885,5.07078024844582,0.895351620557898,15,4.66255643079057e-05,5.57909349568736,0.681643971290789,12,3.87636781093743,0.405226808941804,20,0.303575400364303,7.3258926658177,0.99650781198069,13,6.00731873365959,0.863872504991352,13,0.302344469802371,7.93156676707353,1.23308901280678,12,5.33740254518327,0.863674931578145,13,0.312208899513885
"44",44,"Harv4",8,0.0488415911029578,149560.196162201,2459.23827253375,0.0164431335050313,59824.0784648806,0.0411078337625784,0.0507684157446644,137549.062375911,2350.96424979423,0.0170918231588466,55019.6249503642,0.0427295578971166,0.0490137171440534,189256.315049715,3122.93395341511,0.0165010818930652,75702.5260198861,0.0412527047326631,62593.7163259347,0.418518549267282,4.82136468147063,1.43634910124488,16,7.09638121281751e-05,44624.110525222,0.324423225825181,6.0082994021895,1.0329588349828,20,4.2097303501796e-05,60773.1132434129,0.32111537851431,4.67531387676224,0.800337155158426,17,8.37265630089678e-05,5.39264101603938,1.28860906457813,14,4.83319376131531,1.32295087571078,18,0.418518549267282,9.79197301530774,2.31798586776006,20,6.56244647527732,1.05007818841312,20,0.324423225825181,6.20240647211249,1.03936673574023,18,5.1177860868622,0.82448409536602,16,0.32111537851431
"45",45,"Harv4",8,0.0515161188726298,123259.763466194,2137.76147422177,0.0173435467836841,49303.9053864777,0.0433588669592101,0.0522341348194104,106916.564563289,1880.15728046664,0.0175852758470712,42766.6258253157,0.0439631896176779,0.0511568271917803,185615.064948797,3196.77155601961,0.0172225867383202,74246.0259795189,0.0430564668458006,60296.0228616508,0.489178472893856,3.68247728250941,1.24192023487703,14,1.76405956689268e-05,41830.4895297109,0.391244235171337,4.67109560676073,1.21878346325063,18,3.43441160325892e-05,57773.1190696955,0.311252317184666,4.61395590924543,0.696184733642079,12,9.42875327239744e-05,5.15903084786787,1.93603192456283,19,4.03214417968963,1.24721678694194,14,0.489178472893856,6.52061043664032,1.95166155354971,12,4.97484582504765,1.49420230383725,19,0.391244235171337,7.38924240745453,1.40963836218748,16,5.01794791985161,0.972591572994823,12,0.311252317184666
"46",46,"Harv4",8,0.0483031648712791,132406.112877652,2153.1704081346,0.0162618655690331,52962.4451510608,0.0406546639225827,0.049581850241743,107565.794163384,1795.52599366825,0.0166923510176571,43026.3176653534,0.0417308775441427,0.0492382000986949,155198.653344996,2572.67482659154,0.0165766568919426,62079.4613379985,0.0414416422298564,49611.1432520946,0.37468922071549,2.508167402303,0.314472510108394,13,7.13290397915989e-05,43269.4168249507,0.402260004320965,4.70480960426196,1.1548497495305,19,1.10688444715925e-05,65448.8632766446,0.421710252415375,4.4109717627537,1.10758785064293,16,5.17312749172561e-05,4.88158224038961,0.709878619492323,5,3.07140980026391,0.441763537187032,13,0.37468922071549,7.25710799715452,1.69773202738954,15,5.41673195195337,1.37687957838455,18,0.402260004320965,6.52782947387418,1.76929765173294,20,4.73797486629664,1.23291641642466,17,0.421710252415375
"47",47,"Harv4",8,0.0478465072374846,162958.102696575,2624.94966006085,0.0161081260558639,65183.2410786301,0.0402703151396598,0.049437166994255,159905.967349187,2661.41760864279,0.0166436415898792,63962.3869396746,0.041609103974698,0.0505560088255749,187277.47190278,3187.52132234253,0.0170203137086197,74910.9887611121,0.0425507842715492,59020.4897202777,0.362181988766602,3.80928518744081,0.560033209791371,16,8.4884444582276e-05,61232.8193250667,0.382930170400412,3.47957466590478,0.715364290136284,14,1.81632027006708e-05,56311.7881544397,0.300686396405823,6.22142329071545,1.17138374620631,17,1.72882348974235e-05,5.0839675436679,1.03550183927512,13,3.57865565101689,0.417567424897366,7,0.362181988766602,6.06549978291253,1.51293520218576,14,4.11071358929654,0.835400384415053,14,0.382930170400412,7.60205623799907,1.18476049540182,16,6.00510824697909,1.38103742503006,17,0.300686396405823
"48",48,"Harv4",8,0.0484665942976545,135094.500356354,2204.32157947877,0.0163168861327751,54037.8001425415,0.0407922153319377,0.0503689208297566,115920.615685172,1965.70392428707,0.0169573281910934,46368.246274069,0.0423933204777334,0.0507780977559924,107771.718129516,1842.36643729759,0.017095082729251,43108.6872518063,0.0427377068231276,57122.0349531547,0.42283020258025,3.52275918038264,0.896610865333162,17,6.85740079637617e-05,37597.3618298602,0.324337147518009,7.21596590366688,1.66474294530054,15,3.95203151577152e-05,35391.2807125892,0.328391170956905,5.06969586533629,0.777174300308645,15,1.07740787952207e-05,3.93842097421478,1.09324636785728,20,3.7147484166675,0.769847240720471,14,0.42283020258025,8.99976532400114,1.6499713242616,15,7.93765387206488,1.55978063899082,16,0.324337147518009,8.49369524118295,1.49612898136673,13,5.46550933483166,0.917220070701997,14,0.328391170956905
"49",49,"Harv4",8,0.0498168370731153,187231.541937217,3140.14674289349,0.0167714622782226,74892.6167748868,0.0419286556955564,0.0502587663276038,156847.185152583,2653.8925333865,0.0169202432979894,62738.8740610331,0.0423006082449736,0.0491724409606399,160166.146047413,2651.4733884664,0.0165545182543226,64066.4584189653,0.0413862956358064,87645.6493949741,0.468113697554035,4.01795458168665,1.27893010332029,16,8.29741683439352e-05,67293.3374741368,0.429037584631647,3.18207171103513,0.771622564487934,17,3.44237639568746e-05,54245.9042612389,0.338685206580301,6.04321278507107,1.3756476209117,17,3.1892924841959e-05,5.76284461263907,1.58967420361972,18,4.30386786014536,1.55695276107088,17,0.468113697554035,4.90414664369541,1.02485526150249,18,3.48786023265831,0.969035756946528,17,0.429037584631647,8.46384764306103,2.52087574145045,17,6.53752782632002,1.42402110124737,18,0.338685206580301
"50",50,"Harv4",8,0.0497885809432016,101457.304693758,1700.62221749115,0.0167619494981101,40582.9218775034,0.0419048737452753,0.0526155613512553,194671.48235999,3448.34987519252,0.0177136878673157,77868.5929439962,0.0442842196682892,0.0490326818328648,150512.72327546,2484.58375131108,0.0165074665931326,60205.0893101841,0.0412686664828316,39088.583273181,0.385271256625307,5.34015979528498,1.15219047417107,16,2.29062455426902e-05,61299.7957161933,0.314888421113661,3.73399942967029,0.490681605961851,15,5.66096383263357e-05,43000.1448172047,0.285691095619259,5.42675802662114,0.836067541905264,10,6.98608327121474e-05,9.75977977084284,1.89356848436405,18,6.03512156510293,1.14853662206261,16,0.385271256625307,5.83385850146205,1.20174654180741,15,4.11350673906245,0.477788111566788,15,0.314888421113661,7.84062197947682,1.07834618268493,10,5.33780721681688,0.802474640070269,11,0.285691095619259
"51",51,"Harv4",8,0.049715308629034,150641.029467806,2521.32130896866,0.0167372814556309,60256.4117871225,0.0418432036390772,0.0491358368278615,169427.098915912,2802.69611100233,0.0165421950144665,67770.8395663649,0.0413554875361664,0.049808270853846,174633.170291781,2928.34999910419,0.0167685783531928,69853.2681167126,0.0419214458829819,49707.8499236941,0.329975506004606,4.20469039209272,0.717420345728105,21,5.63749060616829e-05,51919.3394492757,0.306440585841841,5.72800215086503,1.06173292065624,15,9.87210250087082e-05,66287.9259135299,0.379583820203083,4.17596720775895,0.70950951101627,7,1.4896878991276e-05,5.00830217282167,1.30379623797544,22,4.60490479256483,0.833909746434958,22,0.329975506004606,7.8618772325212,1.31887562540363,14,5.72024122836879,1.28663225266575,15,0.306440585841841,5.92117389282732,0.994287042581766,17,4.14866594062941,0.650027198553678,18,0.379583820203083
"52",52,"Harv4",8,0.0482274746939772,145218.744175509,2357.82722510971,0.01623638352264,58087.4976702034,0.0405909588066001,0.0517270532626927,118538.144836202,2064.28969345258,0.0174145604885672,47415.2579344809,0.0435364012214179,0.0495767619373868,150426.175678149,2510.70884039609,0.0166906379762522,60170.4702712595,0.0417265949406304,53024.5399292061,0.36513564574778,3.6703416578605,0.637438056906243,16,5.44680859125219e-05,41680.406003592,0.351620198385815,5.49142198077497,1.18159482260321,16,9.72724107536487e-05,53477.4247924039,0.355506111561487,4.52152230499372,0.807924493124203,17,7.13289773464203e-05,6.29609784049313,0.80467018027993,16,4.31345397130287,0.761187976273866,15,0.36513564574778,7.94211364894712,1.62193381001833,15,5.585100739928,1.50764892515348,16,0.351620198385815,6.58626411446927,1.13812834761763,16,4.33834865521404,0.731246209145944,12,0.355506111561487
"53",53,"Harv4",8,0.0479484119108717,183893.908676691,2968.49519936493,0.0161424335407646,73557.5634706765,0.0403560838519115,0.0493190882948469,116926.356381737,1941.43223277337,0.0166038889164994,46770.5425526947,0.0415097222912484,0.048246911174762,137174.964882433,2228.12294868481,0.0162429270573857,54869.9859529734,0.0406073176434642,53844.4301055781,0.29280159681767,7.50691341543259,1.49083783202833,14,2.12739230622537e-05,26172.7769224298,0.223839840155302,5.35919852834672,0.309874651435182,15,7.84041018318385e-05,49110.7478311902,0.35801538475538,5.83101754578645,1.44560937492549,16,9.6027742032893e-05,8.28501874115897,1.70418526753546,21,7.67620423709481,1.36919538777481,16,0.29280159681767,10.0691332828931,0.449275735546145,22,5.74254821720695,0.523931431716047,15,0.223839840155302,6.48634306583448,1.78520076743553,13,6.06190763415281,1.53271750857077,17,0.35801538475538
"54",54,"Harv4",8,0.049530644102491,153795.601637103,2564.55885616792,0.0166751118293959,61518.2406548411,0.0416877795734899,0.0488476759624374,175103.965797462,2879.61659507665,0.0164451820492029,70041.5863189846,0.0411129551230072,0.0512034392562697,167417.261539958,2885.98550967401,0.0172382792737605,66966.9046159834,0.0430956981844013,51007.9597643022,0.331660718650856,5.502860054228,1.1567432388712,17,9.87951302737929e-05,49484.0808010206,0.282598287112798,5.11861678954569,0.698441062031405,11,6.50529800937511e-05,56582.7291689198,0.337974284422367,5.59128229003867,1.08857144256738,14,2.35442530876026e-05,6.27290445032588,1.86858996029672,17,5.99604798272078,1.40676445700513,17,0.331660718650856,6.58997899690652,0.976234875237782,12,5.15677760308515,0.739795396540132,12,0.282598287112798,9.41295342637036,1.90978170091829,10,6.57493210600674,1.18594866181831,12,0.337974284422367
"55",55,"Harv4",8,0.0535695053859883,121008.447161876,2182.36859758336,0.0180348450770875,48403.3788647503,0.0450871126927188,0.0481484980979375,135007.085697725,2188.43719110615,0.0162097950622085,54002.8342790902,0.0405244876555213,0.049939692388009,153919.481066987,2587.82100051919,0.0168128230590444,61567.7924267948,0.0420320576476111,44599.4763235457,0.368564983433628,4.04059303008542,0.810393970119469,15,9.48406401183456e-05,45250.850949134,0.335173896357177,4.16487995145462,0.731132937546115,13,5.66016513365321e-05,51685.0853254277,0.335793006623599,4.56908924665985,0.870061222291065,16,1.93183796433732e-05,5.49107283744016,0.959679942586831,17,4.48798931397116,0.949528997635054,12,0.368564983433628,6.94779448354976,1.99200096529956,15,4.56225276113691,0.806191104361829,13,0.335173896357177,6.38699670006019,1.39104125956467,14,5.27851630777326,1.120304362914,16,0.335793006623599
"56",56,"Harv4",8,0.0506878885916343,124564.502085559,2125.65743871306,0.0170647126839798,49825.8008342236,0.0426617817099494,0.0503081654490008,193623.288581148,3279.37326753933,0.0169368741310524,77449.3154324591,0.0423421853276309,0.0506456597584367,146178.668760695,2492.41878042369,0.0170504958182645,58471.4675042778,0.0426262395456613,37706.3848552357,0.302705700451775,4.76806683426288,0.746026711318196,18,1.86504952656105e-05,67298.3834611574,0.347573806613415,5.34741979847102,1.17066035445137,16,1.91773004154675e-05,42035.0735028914,0.287559558855376,6.22010291096429,1.0762096079673,16,3.67172358301468e-05,5.39109333394272,0.893727482335867,14,4.81786027905816,0.809090983709341,20,0.302705700451775,9.49813740471664,1.98335335865426,19,5.68955328912188,1.21780477851354,16,0.347573806613415,8.53580050405467,1.83606648932373,21,7.1099379825039,1.00711088467569,16,0.287559558855376
"57",57,"Harv4",8,0.0503020059397124,147666.75774008,2500.70707617801,0.0169348004550875,59066.7030960321,0.0423370011377189,0.0502097308165464,186135.782441124,3146.38991786183,0.0169037348789024,74454.3129764497,0.0422593371972561,0.0489776675200571,127776.640164666,2106.9020348338,0.0164889453355373,51110.6560658664,0.0412223633388433,51888.3548974864,0.351388191164995,5.32475226756941,1.07620973374004,14,8.7517689075321e-05,61596.3671185444,0.330921686903632,4.32810185569517,0.7611235511755,18,7.23335925932042e-05,48478.5205448065,0.379400495132226,3.89648464681023,0.857728699407144,19,8.56789317820221e-05,8.83362537087235,1.86484031446279,15,5.41357507284861,0.784355085912896,14,0.351388191164995,7.06724184593605,1.44024758927613,22,4.94868916463406,0.990336632221326,18,0.330921686903632,6.81433395479847,1.64413681762356,15,3.66787414540274,0.712033192709378,17,0.379400495132226
"58",58,"Harv4",8,0.0502585268560025,153509.291494265,2597.40218449477,0.0169201626768749,61403.7165977061,0.0423004066921872,0.0525342978026171,151178.971561603,2673.80110082726,0.0176863294756422,60471.5886246413,0.0442158236891055,0.0512643356676185,179804.095090367,3103.19946653748,0.0172587808135174,71921.6380361468,0.0431469520337935,45266.8922826075,0.294880471676847,3.74949560121918,0.40053350311462,14,5.58155928528868e-05,66147.0983586559,0.437541661220403,4.89379865696949,1.4457331211609,15,8.97494466719218e-05,52765.1761868118,0.293459257200415,5.43894352401397,0.889567583712562,13,6.16272538970225e-05,5.34506092799042,0.45595168263517,16,4.4566350750985,0.384936572972022,11,0.294880471676847,6.30058859741067,2.49685200399966,17,5.95257907186717,1.53348830223387,14,0.437541661220403,6.57048573811331,1.54965566528507,14,6.07117328188163,1.03171809110408,14,0.293459257200415
"59",59,"Harv4",8,0.0503550110729884,101519.609824754,1721.0259360716,0.0169526452972237,40607.8439299017,0.0423816132430592,0.0506861168001228,175397.681305185,2993.00641292753,0.0170641161881714,70159.072522074,0.0426602904704285,0.0493147858004505,118398.104282096,1965.69747311524,0.0166024404278616,47359.2417128384,0.0415061010696539,27001.8001130437,0.265976200653793,5.2870115171734,0.594709828149836,16,8.28788423002698e-05,53823.2679387201,0.306864193062334,5.38432548318822,0.820880852493175,11,8.84084205352701e-05,41030.6205847192,0.346547952211798,5.84144258897476,1.37088791938378,13,2.59379334421828e-05,7.53927074052847,0.881127899953888,16,5.96516153892098,0.570972227984939,15,0.265976200653793,7.62300055217936,0.897736901425622,12,5.53616123090462,0.786439584399997,12,0.306864193062334,11.2185495808909,2.19741252795873,16,6.39684205493886,1.49377229224026,13,0.346547952211798
"60",60,"Harv4",8,0.0513188707846343,143740.848219022,2483.4308653199,0.0172771407438463,57496.3392876089,0.0431928518596158,0.050428788782845,122553.510265425,2080.65019686554,0.0169774834874929,49021.4041061699,0.0424437087187323,0.0509606297811327,107331.720879301,1841.4403638569,0.017156534422174,42932.6883517206,0.0428913360554349,57801.167922432,0.402120682037153,4.72757029021288,1.30317447151613,19,7.80515464534983e-05,37747.0931029235,0.308004993256997,6.16569973371484,1.03979411265624,14,9.1719613368623e-05,39722.1029896049,0.370087264642611,5.2530156524682,1.1978788783014,18,7.21147043048404e-05,6.21771823033575,0.85017313149628,18,5.03975488060294,1.23123170870124,19,0.402120682037153,9.92003314558022,1.85251451775287,14,6.74979157786472,0.975721870091188,10,0.308004993256997,6.88825676044819,1.62999964700627,18,5.55798449652651,1.24028424310858,17,0.370087264642611
"61",61,"Harv4",8,0.0493695139741203,125977.676385082,2093.85799669683,0.0166208653531316,50391.0705540329,0.0415521633828289,0.0498728435322003,195675.905933604,3285.46059834883,0.0167903175542913,78270.3623734415,0.0419757938857281,0.0503401385215829,140245.404210873,2376.82837910186,0.016947638266478,56098.1616843492,0.042369095666195,50605.0432422096,0.401698496863227,3.68819493212235,0.883240857235344,14,5.93868679692969e-05,79254.3365917933,0.405028591607419,2.91625632584184,0.526307869862884,12,7.02679649461061e-05,49338.7733340098,0.351803138303371,4.93217208817623,1.08695675757606,15,7.50921056768857e-05,5.65649544482852,1.11454535975013,13,3.85246825908493,0.940419198812444,19,0.401698496863227,5.20266400202094,1.53785299176028,12,3.23818226114995,0.57511723675815,12,0.405028591607419,8.18167645759508,2.26785195833527,14,5.10544600127893,1.32757464228619,15,0.351803138303371
"62",62,"Harv4",8,0.0523265270608945,116624.342626892,2054.49883640006,0.0176163808526053,46649.7370507568,0.0440409521315133,0.0496771439044157,188162.273075432,3146.9072958696,0.0167244328229817,75264.9092301726,0.0418110820574543,0.0495548107090989,128814.339614473,2149.04155059091,0.0166832478202563,51525.7358457893,0.0417081195506407,52085.7833255732,0.446611591991627,3.81166849431942,1.03791314058075,15,3.46912089874968e-05,40662.9982956601,0.216106011215962,7.72645520500744,0.771479161296955,12,3.86426197784022e-05,52144.4088855211,0.404802827399367,3.86337530685628,0.968708074919686,18,9.58769975067116e-05,5.72287213729546,1.08237954973495,15,4.06843020883945,1.10125854041248,16,0.446611591991627,12.9096657017613,0.940821354930052,10,8.09434219399868,0.777718867949709,11,0.216106011215962,6.25072131249726,1.1763102517151,18,4.52549728595979,1.02588052377313,16,0.404802827399367
"63",63,"Harv4",8,0.0514355191683977,158348.917402327,2742.03507505233,0.0173164118835462,63339.5669609308,0.0432910297088654,0.05039251814512,136422.543507069,2314.44562886795,0.0169652725229245,54569.0174028277,0.0424131813073111,0.0508540094024178,179141.88974537,3067.02368429975,0.0171206393359989,71656.7558981478,0.0428015983399973,44961.8807683754,0.283941826101267,4.11565935678122,0.446562268108419,16,1.82025581039488e-05,60912.362100201,0.446497774739441,3.66240834915249,1.08175495282317,15,3.64563702582382e-05,81326.7231699464,0.453979375150856,3.13966951046784,0.865245985895338,18,3.79393486189656e-05,4.39753609315444,1.14789535545016,17,4.68968540437835,0.513427041842419,16,0.283941826101267,5.37923927763124,1.69330288247771,16,4.22922882134766,1.14874347947906,19,0.446497774739441,4.1394703861274,1.40614821180584,17,3.20176117017138,1.02716732100798,16,0.453979375150856
"64",64,"Harv4",8,0.0509505955155118,116654.524719343,2000.99329105762,0.017153156260949,46661.809887737,0.0428828906523724,0.0523327632142429,124043.310270645,2185.4546222889,0.0176184803317531,49617.3241082579,0.0440462008293827,0.0517542480885945,171449.28353373,2987.28361910399,0.0174237159673886,68579.7134134918,0.0435592899184716,30716.1487267669,0.263308678344595,5.86694751208074,0.706306331274889,11,4.37525651976466e-05,37338.3467565369,0.301010563770589,5.71204621330749,1.02039681472193,14,5.97421953687444e-05,59304.2200624779,0.345899491908993,5.02363903137577,0.981204137099834,16,4.587296994403e-05,6.71280151117025,0.520549924404209,13,6.29583254607631,0.736071455230261,11,0.263308678344595,7.52737158733683,1.12839818944051,14,6.08516623530974,1.10013231585175,14,0.301010563770589,7.50997211277459,1.22744110358797,17,5.17242676729416,0.822607799371015,17,0.345899491908993
"65",65,"Harv4",8,0.0500328725727613,132631.812454201,2234.07589142307,0.0168441933355507,53052.7249816805,0.0421104833388768,0.0511463222778844,181811.862881295,3130.62758071945,0.0172190501274575,72724.7451525182,0.0430476253186437,0.0500215900416587,131473.342026584,2214.06300250959,0.0168403949301138,52589.3368106335,0.0421009873252844,45567.8096020506,0.343566213556687,5.06613575931099,1.06453220280493,17,6.86012105084956e-05,39735.6349479196,0.218553587858362,5.99357248352364,0.528470358221603,10,6.16216066526249e-05,36493.6416798158,0.277574458192725,5.94480581364968,0.856561806311394,15,6.86973286420107e-05,6.72063398770807,1.42705945316625,16,5.24904171848949,1.03134340063965,10,0.343566213556687,6.68710247125059,0.573995240431932,10,6.64707579440712,0.764944401735231,10,0.218553587858362,6.84387547258997,0.498801549965238,11,6.14497963844761,0.768643573316172,15,0.277574458192725
"66",66,"Harv4",8,0.0470107830969714,193174.92058035,3057.33485514158,0.0158267690544741,77269.9682321399,0.0395669226361853,0.0510048026351372,131527.982000262,2258.5203486211,0.0171714057668474,52611.1928001046,0.0429285144171186,0.0506357403761943,141920.945979655,2419.34855317982,0.0170471563339681,56768.3783918619,0.0426178908349203,55544.9320432085,0.287536973621298,5.05089676663073,0.570894420555421,14,5.37184890429489e-05,43103.4844124827,0.327713417000475,4.56180761159329,0.822678977094488,14,6.51495385076851e-05,58479.1558843174,0.41205443974916,5.12507595812413,1.49845094049579,15,3.51646205340512e-05,9.02790383178072,0.82290701144374,15,6.02907260916933,0.714136740407807,13,0.287536973621298,6.15782861655762,1.33453897243357,12,5.08636744017113,0.951936305444355,15,0.327713417000475,7.96136449171335,0.799319392233861,13,6.06124155494531,1.81651397812555,15,0.41205443974916
"67",67,"Harv4",8,0.0506226890585736,197538.079484366,3366.59456237337,0.0170427624443915,79015.2317937464,0.0426069061109787,0.0497757849147911,141428.295802325,2370.00468676784,0.0167576415548442,56571.31832093,0.0418941038871105,0.0490663801885043,111114.955949597,1835.487019575,0.0165188115667129,44445.9823798388,0.0412970289167822,52353.8230371461,0.265031548214933,7.29395536441161,1.19815983105556,17,7.65594071336091e-05,42880.2189321235,0.303194058083379,3.65714692957419,0.412019276668148,16,7.69887223676778e-05,41168.8154726822,0.370506518414648,2.65410494720011,0.353869701908857,12,1.69719015154988e-05,11.6545964396743,1.38174150345108,15,7.25984072405202,1.17825249169819,19,0.265031548214933,7.40067899464438,1.52098167181886,13,3.73221187116016,0.495282180248523,11,0.303194058083379,3.4865833319676,1.24333325962443,19,3.23028037524974,0.39350932242586,12,0.370506518414648
"68",68,"Harv4",8,0.0502581688208849,184247.471601702,3117.4749836648,0.0169200421398673,73698.9886406809,0.0423001053496682,0.0512716590582547,171617.287863046,2962.32827938415,0.0172612463247184,68646.9151452184,0.0431531158117961,0.0497915853660313,190661.404747516,3196.04968716284,0.0167629609746935,76264.5618990064,0.0419074024367337,36637.0459783813,0.198846940258598,5.73088198422033,0.338415287803931,14,7.62038931949064e-05,74872.1756467159,0.436274087412833,4.20135556043678,1.26921665043922,16,7.74130024039187e-05,55256.9312233911,0.289817078063414,4.77531353619244,0.503349803657834,15,7.8003581117373e-05,6.80794232356966,0.773088282111154,7,6.03789194266057,0.539760344313333,11,0.198846940258598,8.74923151812192,1.88783489248323,17,4.54981158619662,1.38442900421813,13,0.436274087412833,6.82588545592693,1.40279694997166,10,5.15327248093886,0.526464118924961,17,0.289817078063414
"69",69,"Harv4",8,0.0500897795590554,158096.198621206,2666.03181328159,0.0168633517853856,63238.4794484824,0.042158379463464,0.0504077128162824,198037.62966767,3360.77541392632,0.0169703879993217,79215.0518670678,0.0424259699983041,0.0491959181148495,143163.564568385,2371.13539036012,0.0165624221323959,57265.4258273542,0.0414060553309897,62328.2354717174,0.394242467657645,5.05732400082125,1.24447828154922,16,7.94013202376664e-05,68930.5478443115,0.348067930120074,6.24890958984383,1.43726842238949,17,1.69151066197082e-05,40756.894085854,0.284687617332869,6.34960266908727,0.93293687618961,17,2.88333021127619e-05,8.99142341313276,2.3530719615574,17,5.34562205922205,1.2258389808845,17,0.394242467657645,8.53205041498919,1.60958376041676,17,6.14630593517799,1.50946848996805,21,0.348067930120074,7.33717942334905,1.58267451670162,18,7.52384653157672,1.08610211075529,18,0.284687617332869
