"","parameter","mean","sd","2.5%","50%","97.5%","overlap0","f","Rhat","n.eff"
"1","r",0.019,0.02,0.001,0.012,0.077,FALSE,1,1.012,939
"2","K",43584.381,14449.906,25225.099,40911.689,80312.402,FALSE,1,1.001,3000
"3","sigma",0.046,0.017,0.018,0.044,0.079,FALSE,1,1,2165
"4","epsilon[1]",0,0.04,-0.082,0,0.083,TRUE,0.497,1,3000
"5","epsilon[2]",0,0.041,-0.082,0,0.084,TRUE,0.505,1.001,3000
"6","epsilon[3]",0.001,0.04,-0.078,0.002,0.082,TRUE,0.514,1,3000
"7","epsilon[4]",0.001,0.04,-0.08,0.001,0.082,TRUE,0.513,1.001,1831
"8","epsilon[5]",0.001,0.04,-0.078,0.001,0.081,TRUE,0.506,1,3000
"9","epsilon[6]",0,0.04,-0.078,0,0.08,TRUE,0.502,1.001,3000
"10","epsilon[7]",0.001,0.04,-0.081,0,0.083,TRUE,0.499,1,3000
"11","epsilon[8]",0.001,0.04,-0.079,0.001,0.081,TRUE,0.518,1,3000
"12","epsilon[9]",0,0.04,-0.078,0.001,0.081,TRUE,0.512,1,3000
"13","epsilon[10]",0.001,0.04,-0.081,0.002,0.083,TRUE,0.52,1,3000
"14","epsilon[11]",0.001,0.04,-0.08,0.002,0.08,TRUE,0.521,1,3000
"15","epsilon[12]",0.001,0.04,-0.08,0.001,0.08,TRUE,0.51,1,3000
"16","epsilon[13]",0.001,0.04,-0.08,0.002,0.081,TRUE,0.517,1,3000
"17","epsilon[14]",0.002,0.04,-0.081,0.001,0.083,TRUE,0.515,1.001,1911
"18","epsilon[15]",0.001,0.039,-0.076,0.001,0.08,TRUE,0.515,1,2785
"19","epsilon[16]",0.002,0.039,-0.077,0.001,0.078,TRUE,0.517,1,2564
"20","epsilon[17]",0,0.039,-0.08,0,0.079,TRUE,0.499,1.001,1300
"21","epsilon[18]",0.001,0.04,-0.079,0.001,0.081,TRUE,0.509,1.001,3000
"22","epsilon[19]",0,0.04,-0.082,0,0.082,TRUE,0.501,1.001,2582
"23","epsilon[20]",0,0.04,-0.079,-0.001,0.083,TRUE,0.512,1,3000
"24","epsilon[21]",0.001,0.04,-0.079,0.001,0.081,TRUE,0.509,1,3000
"25","epsilon[22]",0,0.04,-0.08,0.001,0.082,TRUE,0.512,1.001,1685
"26","epsilon[23]",0.001,0.04,-0.08,0.001,0.083,TRUE,0.508,1.001,2101
"27","epsilon[24]",0.001,0.04,-0.079,0.002,0.081,TRUE,0.517,1,3000
"28","epsilon[25]",0.001,0.04,-0.084,0.002,0.082,TRUE,0.521,1,3000
"29","epsilon[26]",0.001,0.04,-0.079,0.001,0.083,TRUE,0.508,1.001,1308
"30","epsilon[27]",0.002,0.04,-0.08,0.001,0.082,TRUE,0.507,1,3000
"31","epsilon[28]",0,0.04,-0.08,-0.001,0.079,TRUE,0.508,1,3000
"32","epsilon[29]",0.002,0.04,-0.083,0.003,0.08,TRUE,0.531,1.001,1803
"33","epsilon[30]",0.001,0.041,-0.082,0.001,0.081,TRUE,0.508,1,3000
"34","epsilon[31]",0.001,0.039,-0.081,0.001,0.081,TRUE,0.511,1,3000
"35","epsilon[32]",0,0.04,-0.079,0.001,0.084,TRUE,0.494,1,2874
"36","epsilon[33]",0.002,0.041,-0.079,0.001,0.083,TRUE,0.514,1.001,1880
"37","epsilon[34]",0.001,0.04,-0.078,0.001,0.083,TRUE,0.509,1.002,878
"38","epsilon[35]",0,0.04,-0.08,0.002,0.078,TRUE,0.516,1.001,3000
"39","epsilon[36]",0,0.04,-0.081,-0.001,0.081,TRUE,0.508,1.001,2183
"40","epsilon[37]",0.001,0.04,-0.079,0,0.081,TRUE,0.505,1,3000
"41","epsilon[38]",0.002,0.04,-0.08,0.001,0.081,TRUE,0.513,1,3000
"42","epsilon[39]",0.002,0.04,-0.08,0.001,0.081,TRUE,0.515,1.001,1498
"43","epsilon[40]",0.002,0.04,-0.082,0.003,0.082,TRUE,0.532,1,3000
"44","epsilon[41]",0,0.039,-0.081,0,0.082,TRUE,0.5,1,2720
"45","epsilon[42]",0.002,0.04,-0.08,0.003,0.08,TRUE,0.533,1,2967
"46","epsilon[43]",0.002,0.04,-0.08,0.002,0.082,TRUE,0.511,1.001,1572
"47","epsilon[44]",0.002,0.04,-0.078,0.001,0.083,TRUE,0.51,1.001,1335
"48","epsilon[45]",0,0.04,-0.081,0,0.079,TRUE,0.504,1.004,547
"49","epsilon[46]",0.001,0.04,-0.08,0,0.078,TRUE,0.503,1,2450
"50","epsilon[47]",0,0.041,-0.083,0,0.081,TRUE,0.502,1,3000
"51","epsilon[48]",0.003,0.041,-0.081,0.002,0.084,TRUE,0.524,1.002,836
"52","epsilon[49]",0.001,0.041,-0.083,0.002,0.083,TRUE,0.518,1,3000
"53","epsilon[50]",0.001,0.04,-0.079,0.001,0.082,TRUE,0.513,1,3000
"54","epsilon[51]",0.002,0.041,-0.079,0.001,0.085,TRUE,0.511,1,3000
"55","epsilon[52]",0.002,0.04,-0.082,0.002,0.081,TRUE,0.526,1,3000
"56","epsilon[53]",0,0.04,-0.081,0,0.081,TRUE,0.5,1.001,1294
"57","epsilon[54]",0.001,0.04,-0.08,0.001,0.081,TRUE,0.508,1,3000
"58","epsilon[55]",0.002,0.04,-0.08,0.002,0.084,TRUE,0.523,1.001,2333
"59","epsilon[56]",0.001,0.04,-0.078,0.001,0.083,TRUE,0.519,1.002,1016
"60","epsilon[57]",0.002,0.041,-0.08,0.001,0.084,TRUE,0.517,1,3000
"61","epsilon[58]",0.001,0.04,-0.081,0.001,0.085,TRUE,0.506,1,3000
"62","epsilon[59]",0.001,0.04,-0.081,0.001,0.079,TRUE,0.509,1.001,1661
"63","epsilon[60]",0.001,0.04,-0.082,0.002,0.081,TRUE,0.52,1,3000
"64","epsilon[61]",0.001,0.04,-0.078,0.002,0.083,TRUE,0.518,1.001,2372
"65","epsilon[62]",0.001,0.04,-0.078,0.002,0.082,TRUE,0.52,1,3000
"66","epsilon[63]",0.002,0.04,-0.078,0.002,0.085,TRUE,0.519,1.001,2413
"67","epsilon[64]",0.001,0.04,-0.081,0.001,0.081,TRUE,0.512,1.001,1728
"68","epsilon[65]",0.002,0.04,-0.081,0.002,0.081,TRUE,0.524,1,3000
"69","epsilon[66]",0.001,0.04,-0.081,0.001,0.082,TRUE,0.511,1,3000
"70","epsilon[67]",0.002,0.04,-0.081,0.002,0.083,TRUE,0.523,1,3000
"71","epsilon[68]",0.002,0.041,-0.083,0.002,0.081,TRUE,0.521,1,3000
"72","epsilon[69]",0.001,0.04,-0.081,0.002,0.078,TRUE,0.517,1,3000
"73","epsilon[70]",0.001,0.04,-0.081,0.003,0.079,TRUE,0.524,1.003,1039
"74","epsilon[71]",0.002,0.04,-0.082,0.002,0.084,TRUE,0.52,1,3000
"75","epsilon[72]",0.003,0.04,-0.078,0.003,0.083,TRUE,0.533,1,3000
"76","epsilon[73]",0.002,0.04,-0.079,0.001,0.083,TRUE,0.515,1,3000
"77","epsilon[74]",0.001,0.04,-0.079,0,0.081,TRUE,0.503,1,3000
"78","epsilon[75]",0.002,0.041,-0.08,0.003,0.084,TRUE,0.527,1.002,888
"79","epsilon[76]",0.003,0.04,-0.078,0.002,0.082,TRUE,0.517,1,3000
"80","epsilon[77]",0.003,0.04,-0.079,0.003,0.084,TRUE,0.524,1.001,3000
"81","epsilon[78]",0.003,0.04,-0.078,0.003,0.082,TRUE,0.53,1,3000
"82","epsilon[79]",0.002,0.04,-0.08,0.001,0.084,TRUE,0.511,1,3000
"83","epsilon[80]",0.002,0.04,-0.08,0.002,0.083,TRUE,0.516,1.001,2546
"84","epsilon[81]",0.001,0.04,-0.08,0.001,0.083,TRUE,0.517,1.001,2066
"85","epsilon[82]",0.002,0.04,-0.079,0.002,0.083,TRUE,0.521,1,3000
"86","epsilon[83]",0.002,0.04,-0.078,0.003,0.081,TRUE,0.532,1.001,2061
"87","epsilon[84]",0.002,0.04,-0.078,0.002,0.084,TRUE,0.521,1,3000
"88","epsilon[85]",0.002,0.04,-0.082,0.002,0.081,TRUE,0.522,1,3000
"89","epsilon[86]",0.004,0.04,-0.078,0.004,0.082,TRUE,0.549,1,2286
"90","epsilon[87]",0.003,0.04,-0.079,0.002,0.084,TRUE,0.525,1,3000
"91","epsilon[88]",0.002,0.039,-0.076,0.001,0.08,TRUE,0.514,1,3000
"92","epsilon[89]",0.004,0.04,-0.076,0.003,0.083,TRUE,0.526,1.001,2553
"93","epsilon[90]",0.003,0.04,-0.077,0.003,0.084,TRUE,0.533,1.001,2056
"94","epsilon[91]",0.003,0.041,-0.079,0.003,0.083,TRUE,0.528,1.001,1106
"95","epsilon[92]",0.002,0.041,-0.08,0.002,0.082,TRUE,0.518,1.002,1628
"96","epsilon[93]",0.003,0.04,-0.076,0.004,0.081,TRUE,0.541,1.001,2426
"97","epsilon[94]",0.002,0.04,-0.076,0.002,0.085,TRUE,0.522,1.001,3000
"98","epsilon[95]",0.002,0.04,-0.077,0.001,0.08,TRUE,0.517,1,3000
"99","epsilon[96]",0.004,0.04,-0.08,0.003,0.082,TRUE,0.538,1,3000
"100","epsilon[97]",0.003,0.04,-0.076,0.004,0.084,TRUE,0.542,1,3000
"101","epsilon[98]",0.002,0.04,-0.078,0.003,0.083,TRUE,0.533,1,3000
"102","epsilon[99]",0.003,0.041,-0.078,0.002,0.085,TRUE,0.519,1,2533
"103","epsilon[100]",0.001,0.04,-0.08,0.001,0.082,TRUE,0.512,1,3000
"104","epsilon[101]",0.002,0.04,-0.081,0.002,0.083,TRUE,0.516,1,2880
"105","epsilon[102]",0.003,0.04,-0.082,0.003,0.087,TRUE,0.528,1,2387
"106","epsilon[103]",0.004,0.041,-0.08,0.003,0.085,TRUE,0.537,1,3000
"107","epsilon[104]",0.003,0.04,-0.076,0.002,0.084,TRUE,0.524,1,3000
"108","epsilon[105]",0.004,0.041,-0.078,0.003,0.085,TRUE,0.539,1.002,1052
"109","epsilon[106]",0.003,0.04,-0.076,0.002,0.082,TRUE,0.527,1.001,1971
"110","epsilon[107]",0.004,0.039,-0.077,0.003,0.082,TRUE,0.543,1,3000
"111","epsilon[108]",0.001,0.038,-0.076,0.001,0.079,TRUE,0.515,1.001,2147
"112","epsilon[109]",-0.001,0.038,-0.075,-0.002,0.079,TRUE,0.521,1.001,2261
"113","epsilon[110]",-0.005,0.037,-0.078,-0.005,0.069,TRUE,0.549,1,3000
"114","epsilon[111]",-0.012,0.037,-0.088,-0.011,0.063,TRUE,0.636,1,3000
"115","epsilon[112]",-0.015,0.036,-0.083,-0.015,0.06,TRUE,0.679,1,3000
"116","epsilon[113]",-0.017,0.036,-0.086,-0.017,0.058,TRUE,0.705,1.001,1821
"117","epsilon[114]",-0.018,0.036,-0.088,-0.018,0.056,TRUE,0.703,1.001,1638
"118","epsilon[115]",-0.02,0.036,-0.089,-0.019,0.054,TRUE,0.724,1,3000
"119","epsilon[116]",-0.021,0.037,-0.09,-0.021,0.058,TRUE,0.72,1.001,1503
"120","epsilon[117]",-0.025,0.036,-0.091,-0.025,0.047,TRUE,0.766,1,2804
"121","epsilon[118]",-0.029,0.034,-0.093,-0.029,0.04,TRUE,0.805,1,2291
"122","epsilon[119]",-0.029,0.034,-0.092,-0.028,0.041,TRUE,0.809,1.001,2068
"123","epsilon[120]",-0.025,0.035,-0.091,-0.024,0.047,TRUE,0.763,1,3000
"124","epsilon[121]",-0.021,0.036,-0.09,-0.02,0.05,TRUE,0.731,1.001,1761
"125","epsilon[122]",-0.02,0.036,-0.089,-0.019,0.054,TRUE,0.718,1.002,3000
"126","epsilon[123]",-0.017,0.036,-0.087,-0.017,0.055,TRUE,0.686,1,3000
"127","epsilon[124]",-0.012,0.037,-0.085,-0.011,0.063,TRUE,0.627,1.002,913
"128","epsilon[125]",-0.003,0.037,-0.08,-0.003,0.072,TRUE,0.539,1,2467
"129","epsilon[126]",0.003,0.037,-0.073,0.003,0.077,TRUE,0.536,1,3000
"130","epsilon[127]",0.003,0.037,-0.075,0.005,0.074,TRUE,0.55,1.001,1359
"131","epsilon[128]",0.007,0.036,-0.068,0.008,0.076,TRUE,0.587,1.001,1379
"132","epsilon[129]",0.011,0.037,-0.068,0.011,0.082,TRUE,0.627,1,3000
"133","epsilon[130]",0.014,0.035,-0.058,0.014,0.08,TRUE,0.668,1,3000
"134","epsilon[131]",0.014,0.035,-0.059,0.015,0.083,TRUE,0.66,1,3000
"135","epsilon[132]",0.012,0.036,-0.063,0.012,0.082,TRUE,0.647,1.001,3000
"136","epsilon[133]",0.004,0.038,-0.073,0.005,0.08,TRUE,0.554,1,3000
"137","epsilon[134]",0,0.041,-0.083,0,0.083,TRUE,0.499,1,3000
"138","epsilon[135]",0,0.04,-0.08,0.001,0.081,TRUE,0.509,1,3000
"139","epsilon[136]",0.001,0.04,-0.079,0,0.081,TRUE,0.493,1.001,1821
"140","PE[1]",-0.001,0.04,-0.084,-0.001,0.081,TRUE,0.507,1,3000
"141","PE[2]",-0.001,0.041,-0.084,-0.001,0.083,TRUE,0.513,1.001,3000
"142","PE[3]",0,0.04,-0.08,0.001,0.081,TRUE,0.494,1,3000
"143","PE[4]",0,0.04,-0.082,0,0.08,TRUE,0.503,1.001,1806
"144","PE[5]",0,0.04,-0.079,-0.001,0.079,TRUE,0.508,1,3000
"145","PE[6]",-0.001,0.04,-0.081,0,0.079,TRUE,0.504,1.001,3000
"146","PE[7]",-0.001,0.04,-0.082,-0.001,0.082,TRUE,0.513,1,3000
"147","PE[8]",0,0.04,-0.081,0,0.079,TRUE,0.497,1,3000
"148","PE[9]",-0.001,0.04,-0.079,0,0.079,TRUE,0.501,1,3000
"149","PE[10]",0,0.04,-0.083,0.001,0.08,TRUE,0.51,1,3000
"150","PE[11]",0,0.04,-0.082,0.001,0.078,TRUE,0.489,1,3000
"151","PE[12]",0,0.04,-0.082,0,0.078,TRUE,0.5,1,3000
"152","PE[13]",0,0.04,-0.082,0.001,0.08,TRUE,0.491,1,3000
"153","PE[14]",0,0.04,-0.083,0,0.081,TRUE,0.504,1.001,1853
"154","PE[15]",0,0.039,-0.078,0,0.079,TRUE,0.502,1,2763
"155","PE[16]",0,0.039,-0.079,0.001,0.076,TRUE,0.506,1,2553
"156","PE[17]",-0.001,0.039,-0.082,-0.001,0.077,TRUE,0.509,1.001,1300
"157","PE[18]",0,0.04,-0.082,0,0.079,TRUE,0.496,1.001,3000
"158","PE[19]",-0.001,0.04,-0.083,-0.001,0.08,TRUE,0.509,1.001,2524
"159","PE[20]",-0.001,0.04,-0.081,-0.002,0.081,TRUE,0.521,1,3000
"160","PE[21]",0,0.04,-0.08,0,0.08,TRUE,0.502,1,3000
"161","PE[22]",-0.001,0.04,-0.081,0,0.08,TRUE,0.498,1.001,1705
"162","PE[23]",0,0.04,-0.082,0,0.08,TRUE,0.501,1.001,2174
"163","PE[24]",0,0.04,-0.081,0.001,0.079,TRUE,0.492,1,3000
"164","PE[25]",0,0.04,-0.085,0.001,0.079,TRUE,0.494,1,3000
"165","PE[26]",0,0.04,-0.081,0,0.082,TRUE,0.499,1.001,1323
"166","PE[27]",0.001,0.04,-0.081,0,0.08,TRUE,0.498,1,2988
"167","PE[28]",-0.001,0.04,-0.082,-0.002,0.078,TRUE,0.517,1,3000
"168","PE[29]",0,0.04,-0.084,0.002,0.078,TRUE,0.518,1.001,1828
"169","PE[30]",0,0.041,-0.084,0,0.079,TRUE,0.502,1,3000
"170","PE[31]",0,0.039,-0.083,0,0.079,TRUE,0.498,1,3000
"171","PE[32]",-0.001,0.04,-0.08,0,0.082,TRUE,0.504,1,2863
"172","PE[33]",0.001,0.041,-0.081,0.001,0.082,TRUE,0.507,1.001,1933
"173","PE[34]",0,0.04,-0.079,0,0.081,TRUE,0.501,1.002,888
"174","PE[35]",-0.001,0.04,-0.081,0,0.077,TRUE,0.495,1.001,3000
"175","PE[36]",-0.001,0.04,-0.082,-0.002,0.078,TRUE,0.519,1.001,2268
"176","PE[37]",0,0.04,-0.081,0,0.079,TRUE,0.506,1,3000
"177","PE[38]",0,0.04,-0.082,0.001,0.079,TRUE,0.505,1,3000
"178","PE[39]",0,0.04,-0.081,0,0.079,TRUE,0.504,1.001,1466
"179","PE[40]",0.001,0.04,-0.084,0.002,0.081,TRUE,0.521,1,3000
"180","PE[41]",-0.001,0.039,-0.082,-0.001,0.08,TRUE,0.513,1,2631
"181","PE[42]",0,0.04,-0.081,0.002,0.078,TRUE,0.521,1,3000
"182","PE[43]",0,0.04,-0.082,0.001,0.08,TRUE,0.504,1.001,1621
"183","PE[44]",0,0.04,-0.08,0,0.081,TRUE,0.501,1.001,1374
"184","PE[45]",-0.001,0.04,-0.082,-0.001,0.078,TRUE,0.514,1.004,557
"185","PE[46]",0,0.04,-0.081,-0.001,0.076,TRUE,0.51,1,2488
"186","PE[47]",-0.001,0.041,-0.085,-0.001,0.08,TRUE,0.508,1,3000
"187","PE[48]",0.002,0.041,-0.083,0.001,0.082,TRUE,0.513,1.002,843
"188","PE[49]",0,0.041,-0.084,0.001,0.08,TRUE,0.51,1,3000
"189","PE[50]",0,0.04,-0.082,0,0.08,TRUE,0.5,1,3000
"190","PE[51]",0.001,0.041,-0.08,0,0.084,TRUE,0.503,1,3000
"191","PE[52]",0.001,0.04,-0.083,0.001,0.079,TRUE,0.515,1,3000
"192","PE[53]",-0.001,0.04,-0.083,-0.001,0.079,TRUE,0.509,1.001,1335
"193","PE[54]",0,0.04,-0.081,0,0.079,TRUE,0.496,1,3000
"194","PE[55]",0.001,0.04,-0.081,0.001,0.082,TRUE,0.514,1.001,2244
"195","PE[56]",0,0.04,-0.08,0,0.081,TRUE,0.504,1.002,1023
"196","PE[57]",0.001,0.041,-0.082,0.001,0.083,TRUE,0.508,1,3000
"197","PE[58]",0,0.04,-0.083,-0.001,0.083,TRUE,0.504,1,3000
"198","PE[59]",0,0.04,-0.083,0,0.077,TRUE,0.502,1.001,1666
"199","PE[60]",0,0.04,-0.083,0.001,0.079,TRUE,0.488,1,3000
"200","PE[61]",0,0.04,-0.08,0.001,0.082,TRUE,0.507,1.001,2428
"201","PE[62]",0,0.04,-0.08,0.001,0.08,TRUE,0.511,1,3000
"202","PE[63]",0.001,0.04,-0.081,0.001,0.083,TRUE,0.509,1.001,2505
"203","PE[64]",0,0.04,-0.082,0,0.079,TRUE,0.499,1.001,1678
"204","PE[65]",0.001,0.04,-0.082,0.001,0.08,TRUE,0.512,1,3000
"205","PE[66]",0,0.04,-0.084,0,0.08,TRUE,0.5,1,3000
"206","PE[67]",0.001,0.04,-0.083,0.001,0.081,TRUE,0.513,1,3000
"207","PE[68]",0.001,0.041,-0.085,0.001,0.08,TRUE,0.511,1,3000
"208","PE[69]",-0.001,0.04,-0.082,0.001,0.076,TRUE,0.494,1,3000
"209","PE[70]",0,0.04,-0.083,0.002,0.077,TRUE,0.518,1.003,1066
"210","PE[71]",0,0.04,-0.084,0.001,0.082,TRUE,0.509,1,3000
"211","PE[72]",0.002,0.04,-0.081,0.002,0.081,TRUE,0.521,1,3000
"212","PE[73]",0.001,0.04,-0.081,0.001,0.081,TRUE,0.506,1,3000
"213","PE[74]",0,0.04,-0.08,-0.001,0.08,TRUE,0.508,1,3000
"214","PE[75]",0.001,0.041,-0.082,0.002,0.082,TRUE,0.52,1.002,891
"215","PE[76]",0.001,0.04,-0.08,0.001,0.081,TRUE,0.509,1,3000
"216","PE[77]",0.002,0.04,-0.082,0.002,0.082,TRUE,0.516,1.001,3000
"217","PE[78]",0.002,0.04,-0.081,0.002,0.08,TRUE,0.523,1,3000
"218","PE[79]",0,0.04,-0.081,0,0.083,TRUE,0.498,1,3000
"219","PE[80]",0.001,0.04,-0.081,0.001,0.081,TRUE,0.506,1.001,2455
"220","PE[81]",0,0.04,-0.082,0,0.082,TRUE,0.506,1.001,2001
"221","PE[82]",0,0.04,-0.081,0.001,0.081,TRUE,0.511,1,3000
"222","PE[83]",0.001,0.04,-0.079,0.002,0.08,TRUE,0.522,1.001,1992
"223","PE[84]",0.001,0.04,-0.08,0.001,0.082,TRUE,0.511,1,3000
"224","PE[85]",0.001,0.04,-0.084,0.001,0.079,TRUE,0.512,1,3000
"225","PE[86]",0.002,0.04,-0.08,0.003,0.08,TRUE,0.535,1,2349
"226","PE[87]",0.002,0.04,-0.08,0.001,0.083,TRUE,0.512,1,3000
"227","PE[88]",0,0.039,-0.077,0,0.078,TRUE,0.503,1,3000
"228","PE[89]",0.002,0.04,-0.078,0.001,0.082,TRUE,0.518,1.001,2449
"229","PE[90]",0.002,0.04,-0.079,0.002,0.081,TRUE,0.521,1.001,1985
"230","PE[91]",0.002,0.041,-0.081,0.002,0.081,TRUE,0.519,1.001,1132
"231","PE[92]",0.001,0.041,-0.082,0.001,0.081,TRUE,0.508,1.002,1582
"232","PE[93]",0.002,0.04,-0.078,0.003,0.078,TRUE,0.529,1.001,2435
"233","PE[94]",0.001,0.04,-0.078,0.001,0.083,TRUE,0.511,1.001,3000
"234","PE[95]",0.001,0.04,-0.08,0,0.079,TRUE,0.506,1,3000
"235","PE[96]",0.002,0.04,-0.082,0.002,0.08,TRUE,0.526,1,3000
"236","PE[97]",0.002,0.04,-0.079,0.003,0.082,TRUE,0.528,1,3000
"237","PE[98]",0.001,0.04,-0.08,0.002,0.081,TRUE,0.522,1,3000
"238","PE[99]",0.001,0.041,-0.08,0.001,0.083,TRUE,0.512,1,2521
"239","PE[100]",0,0.04,-0.082,0,0.08,TRUE,0.502,1,3000
"240","PE[101]",0.001,0.04,-0.083,0.001,0.081,TRUE,0.507,1,2762
"241","PE[102]",0.002,0.04,-0.084,0.002,0.085,TRUE,0.519,1,2355
"242","PE[103]",0.002,0.041,-0.082,0.003,0.084,TRUE,0.526,1,3000
"243","PE[104]",0.001,0.04,-0.078,0.001,0.082,TRUE,0.515,1,3000
"244","PE[105]",0.003,0.041,-0.081,0.003,0.084,TRUE,0.529,1.002,1077
"245","PE[106]",0.002,0.04,-0.077,0.002,0.08,TRUE,0.519,1.001,2007
"246","PE[107]",0.002,0.039,-0.078,0.003,0.08,TRUE,0.532,1,3000
"247","PE[108]",0,0.038,-0.078,0,0.077,TRUE,0.504,1.001,2193
"248","PE[109]",-0.003,0.038,-0.077,-0.003,0.077,TRUE,0.533,1.001,2174
"249","PE[110]",-0.006,0.037,-0.081,-0.006,0.068,TRUE,0.557,1,3000
"250","PE[111]",-0.013,0.037,-0.089,-0.012,0.062,TRUE,0.644,1,3000
"251","PE[112]",-0.016,0.036,-0.085,-0.016,0.058,TRUE,0.688,1,3000
"252","PE[113]",-0.019,0.036,-0.088,-0.018,0.056,TRUE,0.711,1.001,1849
"253","PE[114]",-0.02,0.036,-0.09,-0.02,0.053,TRUE,0.713,1.001,1586
"254","PE[115]",-0.021,0.036,-0.091,-0.02,0.053,TRUE,0.735,1,3000
"255","PE[116]",-0.022,0.037,-0.092,-0.022,0.056,TRUE,0.729,1.001,1559
"256","PE[117]",-0.026,0.036,-0.092,-0.026,0.046,TRUE,0.771,1,2685
"257","PE[118]",-0.03,0.035,-0.094,-0.03,0.039,TRUE,0.814,1,2411
"258","PE[119]",-0.03,0.035,-0.094,-0.029,0.04,TRUE,0.815,1.001,2025
"259","PE[120]",-0.026,0.035,-0.092,-0.025,0.046,TRUE,0.771,1,3000
"260","PE[121]",-0.022,0.036,-0.092,-0.022,0.048,TRUE,0.739,1.001,1707
"261","PE[122]",-0.021,0.036,-0.092,-0.02,0.053,TRUE,0.724,1.002,3000
"262","PE[123]",-0.018,0.036,-0.088,-0.018,0.053,TRUE,0.697,1,3000
"263","PE[124]",-0.013,0.037,-0.087,-0.012,0.061,TRUE,0.638,1.002,897
"264","PE[125]",-0.005,0.037,-0.081,-0.004,0.071,TRUE,0.55,1,2495
"265","PE[126]",0.001,0.037,-0.074,0.002,0.075,TRUE,0.526,1,3000
"266","PE[127]",0.002,0.037,-0.077,0.003,0.073,TRUE,0.541,1.001,1326
"267","PE[128]",0.006,0.036,-0.069,0.007,0.074,TRUE,0.576,1.001,1336
"268","PE[129]",0.01,0.037,-0.071,0.01,0.081,TRUE,0.618,1,3000
"269","PE[130]",0.013,0.035,-0.059,0.012,0.078,TRUE,0.657,1,3000
"270","PE[131]",0.013,0.035,-0.061,0.014,0.081,TRUE,0.653,1,3000
"271","PE[132]",0.011,0.036,-0.065,0.011,0.08,TRUE,0.636,1,3000
"272","PE[133]",0.003,0.038,-0.075,0.004,0.078,TRUE,0.546,1,3000
"273","PE[134]",-0.002,0.041,-0.084,-0.001,0.081,TRUE,0.51,1,3000
"274","PE[135]",-0.001,0.04,-0.081,0,0.079,TRUE,0.501,1,3000
"275","PE[136]",0,0.04,-0.081,-0.001,0.079,TRUE,0.517,1.001,1869
"276","B[1]",43584.381,14449.906,25225.099,40911.689,80312.402,FALSE,1,1.001,3000
"277","B[2]",43544.599,14462.274,24939.063,40958.639,80773.048,FALSE,1,1.001,3000
"278","B[3]",43490.107,14456.248,24640.839,41058.268,80300.752,FALSE,1,1.002,3000
"279","B[4]",43484.832,14412.203,24444.648,41008.916,80097.297,FALSE,1,1.001,3000
"280","B[5]",43471.888,14382.465,24290.874,41140.038,80271.534,FALSE,1,1.001,3000
"281","B[6]",43432.983,14292.365,24394.465,41174.571,78849.887,FALSE,1,1.002,3000
"282","B[7]",43385.074,14229.442,23987.344,41217.032,78561.236,FALSE,1,1.002,3000
"283","B[8]",43354.636,14238.31,23970.537,41308.624,78673.862,FALSE,1,1.002,3000
"284","B[9]",43338.28,14261.462,23729.24,41082.23,78411.522,FALSE,1,1.002,3000
"285","B[10]",43286.395,14228.918,23830.445,40993.224,78043.801,FALSE,1,1.001,3000
"286","B[11]",43270.395,14233.79,23902.212,40947.871,78571.604,FALSE,1,1.001,3000
"287","B[12]",43242.761,14213.301,23731.521,40999.656,79656.879,FALSE,1,1.001,3000
"288","B[13]",43218.925,14185.026,23539.604,41137.782,78694.568,FALSE,1,1.001,3000
"289","B[14]",43167.705,14172.23,23445.133,41033.305,77770.178,FALSE,1,1.002,3000
"290","B[15]",43106.175,14072.429,23430.043,40881.847,77636.224,FALSE,1,1.001,3000
"291","B[16]",43064.503,14179.554,23038.865,41064.618,77835.74,FALSE,1,1.001,3000
"292","B[17]",42983.153,14042.819,23099.927,41017.622,78717.916,FALSE,1,1.001,3000
"293","B[18]",42819.276,13954.402,22965.106,40889.806,77369.086,FALSE,1,1.001,3000
"294","B[19]",42718.197,13844.971,22936.525,40714.339,77194.17,FALSE,1,1.001,3000
"295","B[20]",42537.329,13772.994,22699.963,40852.751,75817.902,FALSE,1,1.001,3000
"296","B[21]",42298.601,13693.513,22799.359,40517.932,75533.433,FALSE,1,1.001,3000
"297","B[22]",42107.314,13581.065,22513.914,40203.466,75538.893,FALSE,1,1,3000
"298","B[23]",41891.938,13501.393,22277.893,40183.428,75175.424,FALSE,1,1.001,3000
"299","B[24]",41695.69,13408.99,22044.783,39905.552,74354.194,FALSE,1,1,3000
"300","B[25]",41486.288,13349.623,21903.228,39728.753,74366.809,FALSE,1,1.001,3000
"301","B[26]",41270.051,13269.766,21802.609,39677.958,73867.141,FALSE,1,1.001,2922
"302","B[27]",41044.223,13149.498,21684.881,39411.048,73322.967,FALSE,1,1.001,3000
"303","B[28]",40874.631,13086.94,21661.005,39302.786,72458.791,FALSE,1,1.001,3000
"304","B[29]",40606.978,12911.161,21259.999,39034.397,72564.614,FALSE,1,1.001,3000
"305","B[30]",40505.557,12884.062,21453.465,38896.116,72061.253,FALSE,1,1,3000
"306","B[31]",40383.2,12859.529,21381.127,38843.84,71198.369,FALSE,1,1,3000
"307","B[32]",40259.185,12729.694,21293.615,38781.614,69938.35,FALSE,1,1,3000
"308","B[33]",40108.706,12605.094,21471.183,38723.866,69520.643,FALSE,1,1,3000
"309","B[34]",40019.684,12492.873,21422.71,38701.202,69561.459,FALSE,1,1,3000
"310","B[35]",39903.613,12365.025,21115.451,38568.79,68887.203,FALSE,1,1,3000
"311","B[36]",39780.856,12275.122,21177.145,38440.616,67233.987,FALSE,1,1,3000
"312","B[37]",39612.856,12186.672,21041.119,38325.014,67817.736,FALSE,1,1,3000
"313","B[38]",39479.577,12094.693,20777.864,38180.272,66776.207,FALSE,1,1,3000
"314","B[39]",39398.358,12016.424,20849.906,38059.955,67244.287,FALSE,1,1,3000
"315","B[40]",39325.755,11920.146,21022.677,38053.011,66998.348,FALSE,1,1,3000
"316","B[41]",39254.077,11788.861,21174.424,38015.521,65903.87,FALSE,1,1,3000
"317","B[42]",39139.294,11739.549,20962.967,37772.823,66199.198,FALSE,1,1,2759
"318","B[43]",38927.376,11648.492,20947.874,37600.743,66250.32,FALSE,1,1,2835
"319","B[44]",38762.674,11560.94,20926.198,37529.836,65932.739,FALSE,1,1,2791
"320","B[45]",38626.592,11488.282,21052.215,37354.772,65228.589,FALSE,1,1,2450
"321","B[46]",38410.861,11394.283,20695.183,37212.839,64789.984,FALSE,1,1,3000
"322","B[47]",38228.691,11323.712,20702.025,37110.452,63691.223,FALSE,1,1.001,2149
"323","B[48]",38036.711,11264.343,20675.161,36845.761,63332.245,FALSE,1,1.001,1911
"324","B[49]",37904.947,11150.232,20697.205,36692.214,62469.994,FALSE,1,1,2654
"325","B[50]",37700.81,11034.38,20798.037,36630.185,61945.047,FALSE,1,1.001,2392
"326","B[51]",37556.777,10965.243,20512.761,36573.418,62359.51,FALSE,1,1.001,2381
"327","B[52]",37455.358,10938.271,20422.829,36562.073,61746.066,FALSE,1,1.001,2221
"328","B[53]",37348.228,10842.591,20446.713,36361.992,61214.82,FALSE,1,1.001,1932
"329","B[54]",37176.13,10683.884,20273.363,36392.933,60724.697,FALSE,1,1.001,1686
"330","B[55]",37076.302,10536.501,20140.434,36381.378,59972.179,FALSE,1,1.001,1498
"331","B[56]",36970.83,10419.907,20279.948,36191.513,59028.742,FALSE,1,1.001,1715
"332","B[57]",36881.63,10379.038,20527.837,36176.581,59862.056,FALSE,1,1.001,1251
"333","B[58]",36747.357,10217.223,20446.758,36098.691,59086.828,FALSE,1,1.002,1132
"334","B[59]",36655.019,10131.525,20756.331,35912.102,59218.93,FALSE,1,1.002,1244
"335","B[60]",36469.831,9958.423,20683.331,35738.959,57932.109,FALSE,1,1.002,1498
"336","B[61]",36294.692,9841.453,20467.662,35647.66,58043.733,FALSE,1,1.002,1326
"337","B[62]",36168.107,9703.107,20516.45,35571.025,57944.749,FALSE,1,1.002,1464
"338","B[63]",36005.563,9559.79,20729.984,35367.997,57320.438,FALSE,1,1.002,1503
"339","B[64]",35907.185,9427.554,20909.478,35275.83,57020.221,FALSE,1,1.002,1259
"340","B[65]",35750.379,9346.796,20798.677,35122.866,56343.651,FALSE,1,1.001,1464
"341","B[66]",35614.34,9254.225,20901.24,34994.386,56630.061,FALSE,1,1.001,1478
"342","B[67]",35479.513,9140.247,20627.939,34738.618,55061.272,FALSE,1,1.001,1661
"343","B[68]",35344.18,9011.471,20538.761,34523.393,55128.552,FALSE,1,1.001,1852
"344","B[69]",35256.223,8844.398,20614.38,34451.799,55037.462,FALSE,1,1.001,1770
"345","B[70]",35077.3,8669.362,20618.619,34292.783,54402.859,FALSE,1,1.001,1763
"346","B[71]",34927.744,8536.222,20438.12,34264.358,53848.153,FALSE,1,1.001,1560
"347","B[72]",34767.953,8388.953,20543.9,34144.556,53881.591,FALSE,1,1.001,1680
"348","B[73]",34598.38,8235.934,20740.651,33953.896,53496.43,FALSE,1,1.001,1501
"349","B[74]",34441.619,8124.816,20693.617,33877.779,52957.937,FALSE,1,1.001,1628
"350","B[75]",34214.72,7969.097,20684.555,33784.992,51974.183,FALSE,1,1.001,1823
"351","B[76]",33909.486,7753.126,20481.938,33583.29,50749.218,FALSE,1,1.001,1393
"352","B[77]",33601.515,7655.431,20474.095,33149.966,51002.492,FALSE,1,1.001,1583
"353","B[78]",33213.813,7482.667,20260.636,32896.986,50344.657,FALSE,1,1.001,1480
"354","B[79]",32663.795,7334.396,20126.353,32277.645,49007.718,FALSE,1,1.001,1344
"355","B[80]",32216.894,7180.684,19749.795,31862.026,47923.729,FALSE,1,1.001,1317
"356","B[81]",31928.166,6993.585,19619.773,31601.32,47555.503,FALSE,1,1.001,1518
"357","B[82]",31713.268,6880.691,19911.705,31320.074,46853.357,FALSE,1,1.001,1568
"358","B[83]",31447.594,6689.817,19798.26,31049.938,46178.659,FALSE,1,1.001,1462
"359","B[84]",31267.042,6526.624,19792.743,30937.153,45915.81,FALSE,1,1.001,1892
"360","B[85]",31078.685,6374.332,19861.319,30716.031,45220.46,FALSE,1,1.001,2305
"361","B[86]",30889.638,6199.005,19979.725,30600.109,44637.986,FALSE,1,1.001,1984
"362","B[87]",30794.531,6040.308,20302.506,30505.236,44485.818,FALSE,1,1.001,2018
"363","B[88]",30699.61,5887.158,20408.745,30376.528,43858.264,FALSE,1,1.001,2482
"364","B[89]",30521.786,5699.629,20471.771,30197.618,43551.365,FALSE,1,1.001,2195
"365","B[90]",30446.123,5550.523,20578.22,30195.464,43191.453,FALSE,1,1.001,2515
"366","B[91]",30369.631,5389.017,20823.219,30073.827,42713.069,FALSE,1,1.001,2682
"367","B[92]",30386.054,5253.406,20833.321,30137.76,42505.598,FALSE,1,1.001,2727
"368","B[93]",30367.742,5056.368,21221.241,30163.085,41891.489,FALSE,1,1.002,2431
"369","B[94]",30340.602,4888.187,21472.742,30087.556,41345.909,FALSE,1,1.003,1461
"370","B[95]",30253.525,4708.029,21619.13,30104.174,40641.747,FALSE,1,1.003,1820
"371","B[96]",30217.629,4532.851,21916.652,30038.707,40128.06,FALSE,1,1.002,2135
"372","B[97]",30147.485,4312.649,22239.079,29987.095,39462.238,FALSE,1,1.002,1765
"373","B[98]",29842.175,4047.632,22510.262,29710.279,38692.074,FALSE,1,1.001,2042
"374","B[99]",29409.906,3823.34,22470.322,29259.786,37117.561,FALSE,1,1.001,1775
"375","B[100]",28999.276,3585.117,22455.543,28861.302,36312.397,FALSE,1,1,3000
"376","B[101]",28264.543,3384.759,21999.607,28168.138,35195.182,FALSE,1,1,2565
"377","B[102]",27651.205,3145.489,21767.8,27549.22,34080.903,FALSE,1,1,2645
"378","B[103]",27328.775,2883.723,21875.874,27197.753,33567.243,FALSE,1,1,3000
"379","B[104]",27093.257,2587.727,22280.703,27020.416,32617.676,FALSE,1,1,3000
"380","B[105]",26704.129,2316.196,22308.531,26607.387,31622.2,FALSE,1,1,3000
"381","B[106]",26383.171,2019.418,22554.993,26330.641,30695.125,FALSE,1,1,2949
"382","B[107]",25979.779,1682.045,22773.51,25921.283,29445.537,FALSE,1,1.001,1976
"383","B[108]",25553.065,1464.622,22806.732,25487.813,28645.397,FALSE,1,1,2328
"384","B[109]",25354.26,1338.008,22901.287,25278.381,28108.741,FALSE,1,1.002,1001
"385","B[110]",24910.17,1217.153,22669.051,24842.669,27456.928,FALSE,1,1.001,3000
"386","B[111]",24435.537,1156.679,22326.698,24388.575,26847.065,FALSE,1,1.001,3000
"387","B[112]",23733.95,1074.203,21744.363,23671.001,25962.673,FALSE,1,1,3000
"388","B[113]",23088.01,1024.928,21209.631,23052.763,25220.413,FALSE,1,1,3000
"389","B[114]",22472.737,973.841,20670.507,22429.881,24476.468,FALSE,1,1,2884
"390","B[115]",21844.94,960.79,20043.018,21804.955,23854.042,FALSE,1,1,3000
"391","B[116]",21255.215,909.059,19572.618,21222.124,23121.69,FALSE,1,1,3000
"392","B[117]",20669.9,857.7,19084.446,20641.992,22454.211,FALSE,1,1.001,2317
"393","B[118]",19883.29,806.706,18366.913,19827.537,21576.123,FALSE,1,1,3000
"394","B[119]",19156.158,773.438,17615.42,19152.243,20713.644,FALSE,1,1.001,1625
"395","B[120]",18471.593,752.18,17051.474,18458.865,19983.96,FALSE,1,1.001,1725
"396","B[121]",17840.113,743.236,16371.731,17844.722,19302.475,FALSE,1,1.001,1237
"397","B[122]",17353.63,735.734,15952.603,17348.903,18795.656,FALSE,1,1.001,3000
"398","B[123]",16891.964,710.334,15533.32,16895.868,18260.991,FALSE,1,1,3000
"399","B[124]",16490.391,699.108,15088.895,16497.612,17798.53,FALSE,1,1,3000
"400","B[125]",16330.717,681.051,14980.085,16317.555,17602.736,FALSE,1,1,3000
"401","B[126]",16247.849,658.471,14968.215,16252.234,17533.11,FALSE,1,1,3000
"402","B[127]",16234.476,652.702,14956.785,16244.765,17554.156,FALSE,1,1.001,2067
"403","B[128]",16345.099,634.423,15089.586,16342.43,17575.212,FALSE,1,1.001,3000
"404","B[129]",16504.312,627.205,15284.458,16500.456,17719.456,FALSE,1,1.001,3000
"405","B[130]",16708.218,615.595,15499.688,16707.638,17962.834,FALSE,1,1,3000
"406","B[131]",16957.11,639.958,15722.477,16933.109,18258.042,FALSE,1,1,3000
"407","B[132]",17193.712,681.696,15943.321,17162.945,18588.588,FALSE,1,1.001,3000
"408","B[133]",17406.82,788.379,15987.29,17369.8,19046.211,FALSE,1,1,2990
"409","B[134]",17565.6,939.746,15836.296,17495.039,19573.736,FALSE,1,1.002,1927
"410","B[135]",17612.298,1237.542,15378.402,17530.273,20256.644,FALSE,1,1.002,3000
"411","B[136]",17687.201,1478.386,15078.542,17557.578,20863.348,FALSE,1,1.002,3000
"412","D[1]",8.973,11.7,1,5.704,36.937,FALSE,1,1.002,2009
"413","D[2]",8.179,10.356,1,5.004,32.775,FALSE,1,1.006,3000
"414","D[3]",8.313,9.952,1,5.051,36.914,FALSE,1,1,3000
"415","D[4]",11.798,12.372,1.387,8.175,45.504,FALSE,1,1.001,3000
"416","D[5]",13.989,13.524,2.113,10.16,47.368,FALSE,1,1.006,3000
"417","D[6]",15.74,13.442,2.629,11.938,51.188,FALSE,1,1.001,3000
"418","D[7]",18.535,15.49,3.533,13.929,61.451,FALSE,1,1,3000
"419","D[8]",20.206,15.072,3.901,16.296,60.878,FALSE,1,1.001,3000
"420","D[9]",24.844,17.763,6.143,20.21,69.665,FALSE,1,1.013,452
"421","D[10]",28.778,18.056,7.714,24.321,76.192,FALSE,1,1.001,3000
"422","D[11]",33.556,19.371,10.108,29.055,86.537,FALSE,1,1,3000
"423","D[12]",38.017,21.401,12.58,33.464,91.071,FALSE,1,1,3000
"424","D[13]",55.2,25.593,21.242,49.876,118.043,FALSE,1,1,3000
"425","D[14]",72.58,31.447,31.346,66.53,150.876,FALSE,1,1.001,3000
"426","D[15]",89.287,34.734,39.86,83.105,174.151,FALSE,1,1,3000
"427","D[16]",99.175,37.379,45.898,92.267,193.188,FALSE,1,1,3000
"428","D[17]",111.423,39.6,52.677,104.255,208.051,FALSE,1,1.002,1509
"429","D[18]",88.447,35.724,39.678,81.762,174.791,FALSE,1,1,3000
"430","D[19]",142.082,47.436,70.54,134.171,254.689,FALSE,1,1,3000
"431","D[20]",193.44,59.113,103.805,185.666,332.118,FALSE,1,1,3000
"432","D[21]",196.714,60.185,106.677,187.902,335.269,FALSE,1,1.001,3000
"433","D[22]",200.124,60.922,105.518,190.419,342.924,FALSE,1,1,3000
"434","D[23]",202.226,59.809,109.491,194.233,341.862,FALSE,1,1.001,3000
"435","D[24]",220.343,65.505,121.77,211.291,378.133,FALSE,1,1,3000
"436","D[25]",232.82,69.256,126.865,222.51,392.541,FALSE,1,1,3000
"437","D[26]",240.281,70.041,131.404,230.53,397.58,FALSE,1,1,3000
"438","D[27]",220.056,66.718,118.037,210.126,371.909,FALSE,1,1.001,3000
"439","D[28]",221.027,67.937,117.809,211.346,379.108,FALSE,1,1.001,3000
"440","D[29]",159.751,54.344,79.145,151.437,293.483,FALSE,1,1.001,3000
"441","D[30]",158.346,52.187,81.71,151.93,278.096,FALSE,1,1.002,1178
"442","D[31]",128.473,44.873,61.406,121.573,235.704,FALSE,1,1,3000
"443","D[32]",132.988,46.936,64.861,125.913,249.951,FALSE,1,1,3000
"444","D[33]",157.453,52.175,80.631,149.48,277.689,FALSE,1,1.001,2248
"445","D[34]",150.599,50.066,75.208,143.707,268.405,FALSE,1,1.001,3000
"446","D[35]",132.843,47.226,65.473,125.324,246.803,FALSE,1,1.002,1368
"447","D[36]",160.564,54.994,81.014,152.366,289.769,FALSE,1,1,3000
"448","D[37]",169.594,58.262,82.653,159.814,307.362,FALSE,1,1,3000
"449","D[38]",143.944,51.782,67.317,136.638,269.646,FALSE,1,1.001,2138
"450","D[39]",132.246,49.101,62.026,123.569,256.906,FALSE,1,1.003,3000
"451","D[40]",138.957,50.504,66.62,130.927,263.144,FALSE,1,1,3000
"452","D[41]",139.01,51.036,65.356,130.288,264.508,FALSE,1,1.001,3000
"453","D[42]",270.461,74.165,154.745,261.602,437.586,FALSE,1,1.002,854
"454","D[43]",224.773,63.694,128.052,217.225,375.7,FALSE,1,1.001,2972
"455","D[44]",205.534,60.51,111.157,197.208,349.078,FALSE,1,1.002,1315
"456","D[45]",213.106,61.658,116.339,203.671,355.648,FALSE,1,1.001,1492
"457","D[46]",225.092,64.066,123.597,216.579,369.301,FALSE,1,1,2803
"458","D[47]",217.15,63.685,119.14,207.684,357.314,FALSE,1,1,3000
"459","D[48]",233.728,69.55,122.983,224.74,392.189,FALSE,1,1.001,2583
"460","D[49]",247.713,72.187,135.515,238.707,416.079,FALSE,1,1.001,3000
"461","D[50]",204.021,61.845,107.241,195.991,345.248,FALSE,1,1.001,2445
"462","D[51]",193.171,61.115,102.914,183.15,333.766,FALSE,1,1.001,2154
"463","D[52]",192.467,62.346,99.187,182.146,337.565,FALSE,1,1.001,3000
"464","D[53]",186.119,57.462,97.528,178.129,316.468,FALSE,1,1.001,3000
"465","D[54]",164.493,53.129,85.863,157.149,291.689,FALSE,1,1.001,3000
"466","D[55]",198.448,58.116,109.329,190.722,336.22,FALSE,1,1,3000
"467","D[56]",167.447,52.576,89.93,158.844,289.832,FALSE,1,1.001,2139
"468","D[57]",218.332,60.81,123.029,210.421,359.023,FALSE,1,1.002,2233
"469","D[58]",153.967,49.223,79.265,146.138,273.986,FALSE,1,1,3000
"470","D[59]",221.132,64.308,121.971,211.924,376.154,FALSE,1,1,3000
"471","D[60]",228.1,67.215,124.508,219.159,378.963,FALSE,1,1,3000
"472","D[61]",199.01,58.377,108.504,190.252,334.852,FALSE,1,1,3000
"473","D[62]",224.744,63.421,126.09,214.078,374.369,FALSE,1,1,3000
"474","D[63]",197.656,59.521,106.696,188.705,336.8,FALSE,1,1.003,2814
"475","D[64]",218.237,63.692,119.697,209.583,363.697,FALSE,1,1,3000
"476","D[65]",238.439,72.144,128.122,228.783,405.728,FALSE,1,1.001,2341
"477","D[66]",198.628,62.576,104.347,190.567,341.849,FALSE,1,1,3000
"478","D[67]",218.724,67.761,115.294,208.941,372.409,FALSE,1,1,3000
"479","D[68]",173.191,57.687,87.661,164.584,307.536,FALSE,1,1.001,3000
"480","D[69]",219.3,62.172,122.449,211.77,362.82,FALSE,1,1.001,2354
"481","D[70]",226.307,64.22,128.073,216.879,372.595,FALSE,1,1,3000
"482","D[71]",238.379,65.004,135.774,231.522,379.972,FALSE,1,1,3000
"483","D[72]",303.163,81.481,174.034,293.453,486.686,FALSE,1,1.001,2653
"484","D[73]",262.366,68.246,155.782,254.002,412.073,FALSE,1,1.001,2236
"485","D[74]",253.228,68.03,146.437,244.212,408.928,FALSE,1,1,3000
"486","D[75]",288.732,73.616,171.417,280.073,449.776,FALSE,1,1,3000
"487","D[76]",228.231,61.658,129.908,219.649,364.865,FALSE,1,1,3000
"488","D[77]",184.553,56.889,100.196,174.766,320.71,FALSE,1,1,3000
"489","D[78]",275.44,72.843,161.701,265.483,443.7,FALSE,1,1,3000
"490","D[79]",285.509,76.462,166.078,274.622,461.012,FALSE,1,1.001,3000
"491","D[80]",169.477,52.564,88.994,161.255,290.522,FALSE,1,1,3000
"492","D[81]",134.351,43.57,69.765,127.352,236.108,FALSE,1,1.001,1619
"493","D[82]",200.311,61.769,108.761,191.352,345.936,FALSE,1,1.001,1974
"494","D[83]",180.56,55.014,96.776,173.189,312.128,FALSE,1,1,3000
"495","D[84]",141.148,46.219,72.572,133.629,251.159,FALSE,1,1.001,2805
"496","D[85]",137.064,45.217,69.266,130.189,244.731,FALSE,1,1.005,386
"497","D[86]",119.038,41.511,58.125,111.2,217.774,FALSE,1,1,3000
"498","D[87]",120.055,40.696,59.677,113.035,216.624,FALSE,1,1,3000
"499","D[88]",143.203,46.62,73.053,136.772,251.525,FALSE,1,1.001,2511
"500","D[89]",111.128,38.326,54.228,105.83,196.917,FALSE,1,1,3000
"501","D[90]",79.382,31.97,34.451,73.26,155.642,FALSE,1,1.001,3000
"502","D[91]",110.27,39.325,51.645,103.981,201.756,FALSE,1,1.002,2061
"503","D[92]",96.438,37.078,43.919,89.481,189.639,FALSE,1,1,3000
"504","D[93]",54.476,31.162,14.03,48.076,127.199,FALSE,1,1.001,3000
"505","D[94]",66.564,33.999,21.112,59.494,153.294,FALSE,1,1.005,1646
"506","D[95]",46.143,23.704,13.693,41.533,105.066,FALSE,1,1.002,2851
"507","D[96]",73.535,30.546,30.598,68.741,147.1,FALSE,1,1,3000
"508","D[97]",78.878,32.537,32.089,73.485,160.671,FALSE,1,1,3000
"509","D[98]",92.296,36.303,37.445,86.899,179.391,FALSE,1,1,3000
"510","D[99]",119.954,43.806,55.344,112.552,225.328,FALSE,1,1,3000
"511","D[100]",105.404,39.471,45.644,99.709,192.924,FALSE,1,1.002,899
"512","D[101]",121.338,45.285,54.152,113.637,227.699,FALSE,1,1,3000
"513","D[102]",65.964,42.91,1,59.516,164.095,FALSE,1,1,3000
"514","D[103]",94.607,47.966,20.776,87.789,202.565,FALSE,1,1.001,2926
"515","D[104]",58.413,40.94,1,52.172,159.463,FALSE,1,1.001,2760
"516","D[105]",35.527,38.257,1,24.95,134.395,FALSE,1,1,3000
"517","D[106]",32.188,40.984,1,13.89,136.117,FALSE,1,1.002,3000
"518","D[107]",19.261,33.911,1,1,119.093,FALSE,1,1.002,3000
"519","D[108]",51.82,37.726,1,45.683,141.657,FALSE,1,1.002,1046
"520","D[109]",78.349,34.921,23.665,74.017,160.096,FALSE,1,1,3000
"521","D[110]",83.843,39.148,18.99,79.928,171.017,FALSE,1,1,3000
"522","D[111]",158.743,55.573,68.351,152.205,289.463,FALSE,1,1,3000
"523","D[112]",48.073,40.224,1,40.714,143.85,FALSE,1,1.002,963
"524","D[113]",27.352,29.834,1,19.217,99.638,FALSE,1,1.001,1127
"525","D[114]",11.374,18.384,1,1,64.782,FALSE,1,1.001,3000
"526","D[115]",1.354,2.733,1,1,4.894,FALSE,1,1.007,3000
"527","D[116]",2.678,6.42,1,1,24.279,FALSE,1,1.015,823
"528","D[117]",73.165,60.02,1,62.288,218.437,FALSE,1,1.001,2127
"529","D[118]",37.587,32.552,1,32.047,114.064,FALSE,1,1.002,1180
"530","D[119]",34.658,35.266,1,25.709,119.681,FALSE,1,1,3000
"531","D[120]",87.244,69.472,1,75.688,254.539,FALSE,1,1.002,806
"532","D[121]",36.826,33.697,1,30.787,117.583,FALSE,1,1,3000
"533","D[122]",52.03,33.935,1,47.962,127.577,FALSE,1,1.001,1313
"534","D[123]",86.897,39.477,18.79,83.131,175.812,FALSE,1,1.001,2664
"535","D[124]",1.253,1.934,1,1,3.614,FALSE,1,1.018,3000
"536","D[125]",1,0,1,1,1,FALSE,1,NA,1
"537","D[126]",1.003,0.098,1,1,1,FALSE,1,1.066,3000
"538","D[127]",3.476,5.245,1,1,19.339,FALSE,1,1.005,1713
"539","D[128]",1.045,0.58,1,1,1,FALSE,1,1.013,3000
"540","D[129]",11.01,17.626,1,1,60.646,FALSE,1,1.018,558
"541","D[130]",1.34,2.452,1,1,5.33,FALSE,1,1.045,3000
"542","D[131]",18.964,18.522,1,14.883,64.186,FALSE,1,1.001,2185
"543","D[132]",1.975,3.547,1,1,13.193,FALSE,1,1,3000
"544","D[133]",2.175,4.537,1,1,16.034,FALSE,1,1.021,1201
"545","D[134]",35.406,24.47,1,32.132,91.334,FALSE,1,1.001,1688
"546","D[135]",49.085,105.15,1,1,336.813,FALSE,1,1.012,2040
"547","C[1]",8.973,11.7,1,5.704,36.937,FALSE,1,1.002,2009
"548","C[2]",8.179,10.356,1,5.004,32.775,FALSE,1,1.006,3000
"549","C[3]",8.313,9.952,1,5.051,36.914,FALSE,1,1,3000
"550","C[4]",11.799,12.372,1.387,8.175,45.504,FALSE,1,1.001,3000
"551","C[5]",13.989,13.524,2.114,10.16,47.368,FALSE,1,1.006,3000
"552","C[6]",15.74,13.442,2.63,11.938,51.188,FALSE,1,1.001,3000
"553","C[7]",18.536,15.49,3.534,13.929,61.451,FALSE,1,1,3000
"554","C[8]",20.206,15.072,3.901,16.296,60.879,FALSE,1,1.001,3000
"555","C[9]",24.844,17.763,6.144,20.211,69.665,FALSE,1,1.013,452
"556","C[10]",28.779,18.056,7.715,24.321,76.192,FALSE,1,1.001,3000
"557","C[11]",33.556,19.371,10.108,29.055,86.537,FALSE,1,1,3000
"558","C[12]",38.017,21.401,12.58,33.465,91.071,FALSE,1,1,3000
"559","C[13]",55.2,25.593,21.242,49.877,118.044,FALSE,1,1,3000
"560","C[14]",72.581,31.447,31.347,66.53,150.877,FALSE,1,1.001,3000
"561","C[15]",89.288,34.734,39.861,83.106,174.151,FALSE,1,1,3000
"562","C[16]",99.175,37.379,45.898,92.267,193.189,FALSE,1,1,3000
"563","C[17]",111.423,39.6,52.677,104.256,208.052,FALSE,1,1.002,1509
"564","C[18]",88.447,35.724,39.678,81.762,174.792,FALSE,1,1,3000
"565","C[19]",142.082,47.436,70.54,134.171,254.689,FALSE,1,1,3000
"566","C[20]",193.44,59.113,103.805,185.666,332.118,FALSE,1,1,3000
"567","C[21]",196.714,60.185,106.677,187.902,335.269,FALSE,1,1.001,3000
"568","C[22]",200.124,60.922,105.518,190.419,342.924,FALSE,1,1,3000
"569","C[23]",202.226,59.809,109.491,194.233,341.862,FALSE,1,1.001,3000
"570","C[24]",220.344,65.505,121.77,211.291,378.133,FALSE,1,1,3000
"571","C[25]",232.82,69.256,126.865,222.51,392.542,FALSE,1,1,3000
"572","C[26]",240.282,70.041,131.404,230.531,397.58,FALSE,1,1,3000
"573","C[27]",220.056,66.718,118.037,210.126,371.91,FALSE,1,1.001,3000
"574","C[28]",221.027,67.937,117.809,211.347,379.108,FALSE,1,1.001,3000
"575","C[29]",159.751,54.344,79.146,151.438,293.483,FALSE,1,1.001,3000
"576","C[30]",158.346,52.187,81.71,151.931,278.096,FALSE,1,1.002,1178
"577","C[31]",128.473,44.873,61.407,121.573,235.705,FALSE,1,1,3000
"578","C[32]",132.988,46.936,64.862,125.914,249.952,FALSE,1,1,3000
"579","C[33]",157.453,52.175,80.632,149.481,277.689,FALSE,1,1.001,2248
"580","C[34]",150.599,50.066,75.208,143.707,268.405,FALSE,1,1.001,3000
"581","C[35]",132.844,47.226,65.473,125.324,246.803,FALSE,1,1.002,1368
"582","C[36]",160.564,54.994,81.015,152.366,289.77,FALSE,1,1,3000
"583","C[37]",169.594,58.262,82.653,159.814,307.362,FALSE,1,1,3000
"584","C[38]",143.945,51.782,67.318,136.638,269.647,FALSE,1,1.001,2138
"585","C[39]",132.246,49.101,62.026,123.569,256.906,FALSE,1,1.003,3000
"586","C[40]",138.957,50.504,66.62,130.927,263.144,FALSE,1,1,3000
"587","C[41]",139.011,51.036,65.356,130.288,264.508,FALSE,1,1.001,3000
"588","C[42]",270.461,74.165,154.745,261.603,437.586,FALSE,1,1.002,854
"589","C[43]",224.774,63.694,128.052,217.225,375.701,FALSE,1,1.001,2972
"590","C[44]",205.535,60.51,111.157,197.208,349.078,FALSE,1,1.002,1315
"591","C[45]",213.106,61.658,116.339,203.672,355.649,FALSE,1,1.001,1492
"592","C[46]",225.092,64.066,123.597,216.58,369.301,FALSE,1,1,2803
"593","C[47]",217.151,63.685,119.141,207.684,357.314,FALSE,1,1,3000
"594","C[48]",233.728,69.55,122.984,224.74,392.19,FALSE,1,1.001,2583
"595","C[49]",247.713,72.187,135.515,238.707,416.079,FALSE,1,1.001,3000
"596","C[50]",204.022,61.845,107.241,195.992,345.248,FALSE,1,1.001,2445
"597","C[51]",193.171,61.115,102.914,183.15,333.766,FALSE,1,1.001,2154
"598","C[52]",192.468,62.346,99.187,182.146,337.565,FALSE,1,1.001,3000
"599","C[53]",186.119,57.462,97.528,178.129,316.468,FALSE,1,1.001,3000
"600","C[54]",164.493,53.129,85.863,157.15,291.689,FALSE,1,1.001,3000
"601","C[55]",198.449,58.116,109.329,190.722,336.22,FALSE,1,1,3000
"602","C[56]",167.448,52.576,89.93,158.845,289.833,FALSE,1,1.001,2139
"603","C[57]",218.333,60.81,123.03,210.421,359.023,FALSE,1,1.002,2233
"604","C[58]",153.967,49.223,79.265,146.139,273.987,FALSE,1,1,3000
"605","C[59]",221.132,64.308,121.971,211.924,376.155,FALSE,1,1,3000
"606","C[60]",228.1,67.215,124.508,219.16,378.964,FALSE,1,1,3000
"607","C[61]",199.01,58.377,108.504,190.252,334.852,FALSE,1,1,3000
"608","C[62]",224.744,63.421,126.09,214.078,374.369,FALSE,1,1,3000
"609","C[63]",197.656,59.521,106.696,188.705,336.801,FALSE,1,1.003,2814
"610","C[64]",218.237,63.692,119.697,209.583,363.697,FALSE,1,1,3000
"611","C[65]",238.439,72.144,128.123,228.783,405.728,FALSE,1,1.001,2341
"612","C[66]",198.628,62.576,104.348,190.567,341.849,FALSE,1,1,3000
"613","C[67]",218.724,67.761,115.294,208.941,372.409,FALSE,1,1,3000
"614","C[68]",173.192,57.687,87.661,164.584,307.54,FALSE,1,1.001,3000
"615","C[69]",219.301,62.172,122.449,211.77,362.82,FALSE,1,1.001,2354
"616","C[70]",226.307,64.22,128.074,216.88,372.595,FALSE,1,1,3000
"617","C[71]",238.379,65.004,135.774,231.522,379.972,FALSE,1,1,3000
"618","C[72]",303.163,81.481,174.034,293.453,486.687,FALSE,1,1.001,2653
"619","C[73]",262.366,68.246,155.783,254.002,412.073,FALSE,1,1.001,2236
"620","C[74]",294.254,94.019,165.743,278.305,512.749,FALSE,1,1.005,3000
"621","C[75]",406.489,174.374,208.425,364.309,900.571,FALSE,1,1.001,2753
"622","C[76]",435.522,228.923,180.736,371,1107.906,FALSE,1,1.002,3000
"623","C[77]",514.987,286.934,166.814,432.414,1244.323,FALSE,1,1,3000
"624","C[78]",680.887,315.629,266.84,599.424,1401.958,FALSE,1,1,3000
"625","C[79]",547.061,268.816,231.94,471.092,1308.501,FALSE,1,1,3000
"626","C[80]",396.101,241.975,140.937,315.867,1094.344,FALSE,1,1,3000
"627","C[81]",325.3,218.869,109.043,252.955,985.605,FALSE,1,1.001,3000
"628","C[82]",366.505,207.573,146.369,306.309,977.41,FALSE,1,1,3000
"629","C[83]",317.137,179.139,133.612,265.302,842.043,FALSE,1,1.001,3000
"630","C[84]",317.361,209.585,107.601,247.89,942.682,FALSE,1,1.003,2869
"631","C[85]",301.904,197.218,105.821,240.584,894.64,FALSE,1,1,3000
"632","C[86]",265.965,191.332,87.322,205.537,857.349,FALSE,1,1.001,3000
"633","C[87]",244.937,170.37,89.197,194.714,766.332,FALSE,1,1.006,1558
"634","C[88]",286.481,190.786,106.717,229.019,866.906,FALSE,1,1.001,3000
"635","C[89]",244.329,183.9,82.489,185.225,830.579,FALSE,1,1,3000
"636","C[90]",222.612,183.56,60.379,161.931,754.855,FALSE,1,1.002,3000
"637","C[91]",136.872,60.808,62.929,124.944,276.931,FALSE,1,1.007,1571
"638","C[92]",128.977,67.306,56.563,114.661,287.507,FALSE,1,1.006,3000
"639","C[93]",186.633,79.688,109.008,167.801,380.505,FALSE,1,1.003,2102
"640","C[94]",212.917,81.459,130.228,194.762,406.797,FALSE,1,1.008,1675
"641","C[95]",152.014,26.11,112.872,148.024,215.259,FALSE,1,1.002,2648
"642","C[96]",222.33,33.989,168.957,218.25,300.228,FALSE,1,1,3000
"643","C[97]",445.729,48.361,359.746,441.781,553.256,FALSE,1,1,3000
"644","C[98]",548.019,58.837,444.594,544.805,673.857,FALSE,1,1.001,1721
"645","C[99]",541.574,61.257,434.361,536.416,674.62,FALSE,1,1.001,3000
"646","C[100]",831.849,80.878,679.321,830.314,997.388,FALSE,1,1,2749
"647","C[101]",740.761,76.139,603.533,736.49,904.667,FALSE,1,1,3000
"648","C[102]",484.966,61.274,374.906,479.369,614.867,FALSE,1,1,3000
"649","C[103]",403.723,57.434,306.162,400.199,531.503,FALSE,1,1.001,3000
"650","C[104]",536.339,61.011,429.764,532.831,666.466,FALSE,1,1,3000
"651","C[105]",514.823,60.764,410.136,509.896,642.16,FALSE,1,1,3000
"652","C[106]",562.841,67.799,449.56,558.149,711.796,FALSE,1,1.001,1705
"653","C[107]",612.763,67.609,493.888,606.924,759.109,FALSE,1,1,2992
"654","C[108]",334.362,47.554,252.971,329.533,441.988,FALSE,1,1.003,988
"655","C[109]",514.067,55.38,414.47,511.102,629.644,FALSE,1,1.001,2178
"656","C[110]",471.344,55.376,373.952,468.003,587.896,FALSE,1,1,3000
"657","C[111]",530.218,66.716,412.483,527.736,675.904,FALSE,1,1,3000
"658","C[112]",428.397,55.88,334.665,423.43,551.356,FALSE,1,1.001,1263
"659","C[113]",354.825,44.708,277.029,351.189,452.991,FALSE,1,1.001,1312
"660","C[114]",364.912,40.122,293.602,362.583,453.51,FALSE,1,1.001,1336
"661","C[115]",314.617,31.763,257.056,312.717,384.325,FALSE,1,1.001,1744
"662","C[116]",308.971,32.37,250.726,307.368,377.378,FALSE,1,1.001,3000
"663","C[117]",444.391,69.786,335.283,436.912,599.114,FALSE,1,1,3000
"664","C[118]",330.781,43.832,257.476,325.821,426.578,FALSE,1,1.001,1587
"665","C[119]",315.437,45.06,242.212,309.727,415.752,FALSE,1,1.002,1744
"666","C[120]",356.225,74.429,245.293,345.794,532.26,FALSE,1,1.002,1008
"667","C[121]",297.235,42.758,227.637,292.933,389.867,FALSE,1,1,3000
"668","C[122]",307.398,41.848,234.646,303.437,399.914,FALSE,1,1,3000
"669","C[123]",303.601,45.074,223.209,300.738,401.798,FALSE,1,1.001,2465
"670","C[124]",151.868,15.245,124.851,150.837,183.027,FALSE,1,1,3000
"671","C[125]",219.749,21.593,180.794,219.35,264.236,FALSE,1,1.002,1378
"672","C[126]",247.672,24.257,204.723,245.897,299.946,FALSE,1,1.002,873
"673","C[127]",136.356,14.497,110.942,135.377,168.437,FALSE,1,1.001,1373
"674","C[128]",145.735,14.527,119.753,144.746,176.487,FALSE,1,1,3000
"675","C[129]",164.268,23.381,129.57,160.794,216.949,FALSE,1,1.01,464
"676","C[130]",172.108,17.006,141.624,170.777,208.683,FALSE,1,1,3000
"677","C[131]",194.009,25.712,152.261,190.897,252.819,FALSE,1,1,3000
"678","C[132]",189.908,19.51,154.864,189.165,231.853,FALSE,1,1,3000
"679","C[133]",108.281,11.421,88.802,107.3,132.623,FALSE,1,1.001,3000
"680","C[134]",143.05,26.964,98.546,140.13,202.951,FALSE,1,1.001,2068
"681","C[135]",145.218,105.763,81.146,106.781,432.778,FALSE,1,1.011,1936
"682","FC[136]",0,0,0,0,0,FALSE,1,NA,1
"683","KnC[1]",0,0,0,0,0,FALSE,1,1,1
"684","KnC[2]",0,0,0,0,0,FALSE,1,1.001,1
"685","KnC[3]",0,0,0,0,0,FALSE,1,1,1
"686","KnC[4]",0,0,0,0,0,FALSE,1,1.001,1
"687","KnC[5]",0,0,0,0,0,FALSE,1,1,1
"688","KnC[6]",0,0,0,0,0,FALSE,1,1,1
"689","KnC[7]",0,0,0,0,0,FALSE,1,1.001,1
"690","KnC[8]",0,0,0,0,0,FALSE,1,1,1
"691","KnC[9]",0,0,0,0,0,FALSE,1,1,1
"692","KnC[10]",0,0,0,0,0,FALSE,1,1,1
"693","KnC[11]",0,0,0,0,0,FALSE,1,1,1
"694","KnC[12]",0,0,0,0,0,FALSE,1,1.001,1
"695","KnC[13]",0,0,0,0,0,FALSE,1,1.002,1
"696","KnC[14]",0,0,0,0,0,FALSE,1,1,1
"697","KnC[15]",0,0,0,0,0,FALSE,1,1.001,1
"698","KnC[16]",0,0,0,0,0,FALSE,1,1,1
"699","KnC[17]",0,0,0,0,0,FALSE,1,1.001,1
"700","KnC[18]",0,0,0,0,0,FALSE,1,1.002,1
"701","KnC[19]",0,0,0,0,0,FALSE,1,1,1
"702","KnC[20]",0,0,0,0,0,FALSE,1,1.001,1
"703","KnC[21]",0,0,0,0,0,FALSE,1,1,1
"704","KnC[22]",0,0,0,0,0,FALSE,1,1,1
"705","KnC[23]",0,0,0,0,0,FALSE,1,1.001,1
"706","KnC[24]",0,0,0,0,0,FALSE,1,1,1
"707","KnC[25]",0,0,0,0,0,FALSE,1,1,1
"708","KnC[26]",0,0,0,0,0,FALSE,1,1,1
"709","KnC[27]",0,0,0,0,0,FALSE,1,1,1
"710","KnC[28]",0,0,0,0,0,FALSE,1,1,1
"711","KnC[29]",0,0,0,0,0,FALSE,1,1.001,1
"712","KnC[30]",0,0,0,0,0,FALSE,1,1.002,1
"713","KnC[31]",0,0,0,0,0,FALSE,1,1.001,1
"714","KnC[32]",0,0,0,0,0,FALSE,1,1,1
"715","KnC[33]",0,0,0,0,0,FALSE,1,1,1
"716","KnC[34]",0,0,0,0,0,FALSE,1,1,1
"717","KnC[35]",0,0,0,0,0,FALSE,1,1,1
"718","KnC[36]",0,0,0,0,0,FALSE,1,1.001,1
"719","KnC[37]",0,0,0,0,0,FALSE,1,1.001,1
"720","KnC[38]",0,0,0,0,0,FALSE,1,1,1
"721","KnC[39]",0,0,0,0,0,FALSE,1,1,1
"722","KnC[40]",0,0,0,0,0,FALSE,1,1.001,1
"723","KnC[41]",0,0,0,0,0,FALSE,1,1.002,1
"724","KnC[42]",0,0,0,0,0,FALSE,1,1,1
"725","KnC[43]",0,0,0,0,0,FALSE,1,1,1
"726","KnC[44]",0,0,0,0,0,FALSE,1,1,1
"727","KnC[45]",0,0,0,0,0,FALSE,1,1,1
"728","KnC[46]",0,0,0,0,0,FALSE,1,1,1
"729","KnC[47]",0,0,0,0,0,FALSE,1,1.001,1
"730","KnC[48]",0,0,0,0,0,FALSE,1,1,1
"731","KnC[49]",0,0,0,0,0,FALSE,1,1,1
"732","KnC[50]",0,0,0,0,0,FALSE,1,1,1
"733","KnC[51]",0,0,0,0,0,FALSE,1,1,1
"734","KnC[52]",0,0,0,0,0,FALSE,1,1,1
"735","KnC[53]",0,0,0,0,0,FALSE,1,1,1
"736","KnC[54]",0,0,0,0,0,FALSE,1,1,1
"737","KnC[55]",0,0,0,0,0,FALSE,1,1,1
"738","KnC[56]",0,0,0,0,0,FALSE,1,1,1
"739","KnC[57]",0,0,0,0,0,FALSE,1,1.001,1
"740","KnC[58]",0,0,0,0,0,FALSE,1,1.001,1
"741","KnC[59]",0,0,0,0,0,FALSE,1,1,1
"742","KnC[60]",0,0,0,0,0,FALSE,1,1.001,1
"743","KnC[61]",0,0,0,0,0,FALSE,1,1,1
"744","KnC[62]",0,0,0,0,0,FALSE,1,1.001,1
"745","KnC[63]",0,0,0,0,0,FALSE,1,1,1
"746","KnC[64]",0,0,0,0,0,FALSE,1,1,1
"747","KnC[65]",0,0,0,0,0,FALSE,1,1.001,1
"748","KnC[66]",0,0,0,0,0,FALSE,1,1,1
"749","KnC[67]",0,0,0,0,0,FALSE,1,1,1
"750","KnC[68]",0,0,0,0,0,FALSE,1,1,1
"751","KnC[69]",0,0,0,0,0,FALSE,1,1.002,1
"752","KnC[70]",0,0,0,0,0,FALSE,1,1,1
"753","KnC[71]",0,0,0,0,0,FALSE,1,1.001,1
"754","KnC[72]",0,0,0,0,0,FALSE,1,1.002,1
"755","KnC[73]",0,0,0,0,0,FALSE,1,1,1
"756","KnC[74]",0,0,0,0,0,FALSE,1,1,1
"757","KnC[75]",0,0,0,0,0,FALSE,1,1.001,1
"758","KnC[76]",0,0,0,0,0,FALSE,1,1.002,1
"759","KnC[77]",0,0,0,0,0,FALSE,1,1,1
"760","KnC[78]",0,0,0,0,0,FALSE,1,1.001,1
"761","KnC[79]",0,0,0,0,0,FALSE,1,1,1
"762","KnC[80]",0,0,0,0,0,FALSE,1,1,1
"763","KnC[81]",0,0,0,0,0,FALSE,1,1,1
"764","KnC[82]",0,0,0,0,0,FALSE,1,1.001,1
"765","KnC[83]",0,0,0,0,0,FALSE,1,1.001,1
"766","KnC[84]",0,0,0,0,0,FALSE,1,1,1
"767","KnC[85]",0,0,0,0,0,FALSE,1,1,1
"768","KnC[86]",0,0,0,0,0,FALSE,1,1,1
"769","KnC[87]",0,0,0,0,0,FALSE,1,1.002,1
"770","KnC[88]",0,0,0,0,0,FALSE,1,1.001,1
"771","KnC[89]",0,0,0,0,0,FALSE,1,1,1
"772","KnC[90]",0,0,0,0,0,FALSE,1,1,1
"773","KnC[91]",0,0,0,0,0,FALSE,1,1,1
"774","KnC[92]",0,0,0,0,0,FALSE,1,1.001,1
"775","KnC[93]",87.843,8.546,72.374,87.741,105.648,FALSE,1,1,3000
"776","KnC[94]",100.801,10.139,82.921,100.278,122.08,FALSE,1,1.001,3000
"777","KnC[95]",105.871,10.472,86.635,105.498,127.895,FALSE,1,1,3000
"778","KnC[96]",148.795,14.906,121.954,148.183,179.786,FALSE,1,1.001,1777
"779","KnC[97]",366.85,36.602,301.972,365.288,444.504,FALSE,1,1.001,3000
"780","KnC[98]",455.723,45.862,373.89,453.164,551.002,FALSE,1,1.001,1191
"781","KnC[99]",421.62,42.172,343.027,420.533,509.349,FALSE,1,1,3000
"782","KnC[100]",726.444,70.921,592.42,724.28,870.778,FALSE,1,1,3000
"783","KnC[101]",619.422,61.471,507.162,616.404,748.041,FALSE,1,1.001,2397
"784","KnC[102]",419.002,42.735,344.418,416.326,508.034,FALSE,1,1,3000
"785","KnC[103]",309.116,31.34,253.24,307.477,374.93,FALSE,1,1,3000
"786","KnC[104]",477.926,47.171,390.744,475.861,576.699,FALSE,1,1,3000
"787","KnC[105]",479.295,48.154,392.762,476.306,583.842,FALSE,1,1,3000
"788","KnC[106]",530.653,52.971,435.02,528.459,643.144,FALSE,1,1.001,1955
"789","KnC[107]",593.502,58.413,486.912,590.394,718.015,FALSE,1,1.001,1394
"790","KnC[108]",282.542,28.352,231.227,281.047,343.433,FALSE,1,1.001,1576
"791","KnC[109]",435.718,43.082,356.458,432.699,524.091,FALSE,1,1.002,1246
"792","KnC[110]",387.5,38.677,317.474,385.611,469.454,FALSE,1,1,3000
"793","KnC[111]",371.475,37.33,304.431,369.785,450.527,FALSE,1,1.001,1322
"794","KnC[112]",380.323,38.622,311.196,378.168,460.318,FALSE,1,1,3000
"795","KnC[113]",327.473,31.999,267.703,326.523,391.324,FALSE,1,1,3000
"796","KnC[114]",353.537,35.173,288.768,352.834,429.7,FALSE,1,1.002,942
"797","KnC[115]",313.262,31.641,255.827,311.346,382.773,FALSE,1,1.001,1736
"798","KnC[116]",306.293,31.574,249.157,304.765,372.915,FALSE,1,1.001,2343
"799","KnC[117]",371.226,36.93,304.336,369.347,448.821,FALSE,1,1,3000
"800","KnC[118]",293.194,29.163,238.292,291.953,354.068,FALSE,1,1,3000
"801","KnC[119]",280.778,28.482,229.001,278.766,340.653,FALSE,1,1.002,989
"802","KnC[120]",268.98,26.649,220.95,267.793,324.988,FALSE,1,1,3000
"803","KnC[121]",260.409,26.126,212.393,259.193,314.335,FALSE,1,1,2168
"804","KnC[122]",255.368,25.624,207.923,253.418,310.164,FALSE,1,1,3000
"805","KnC[123]",216.703,21.309,178.007,215.666,261.214,FALSE,1,1,3000
"806","KnC[124]",150.615,15.128,123.799,149.594,181.666,FALSE,1,1,3000
"807","KnC[125]",218.749,21.593,179.794,218.35,263.236,FALSE,1,1.002,1378
"808","KnC[126]",246.668,24.257,203.723,244.896,298.946,FALSE,1,1.002,874
"809","KnC[127]",132.879,13.388,108.92,131.942,161.327,FALSE,1,1.002,1285
"810","KnC[128]",144.69,14.516,118.752,143.683,175.459,FALSE,1,1,3000
"811","KnC[129]",153.258,15.295,125.809,152.589,184.94,FALSE,1,1.001,2014
"812","KnC[130]",170.768,16.81,140.563,169.6,206.686,FALSE,1,1,3000
"813","KnC[131]",175.045,17.682,144.027,173.838,211.708,FALSE,1,1,3000
"814","KnC[132]",187.933,19.223,152.944,187.114,228.814,FALSE,1,1,3000
"815","KnC[133]",106.105,10.562,86.995,105.534,127.855,FALSE,1,1,2852
"816","KnC[134]",107.645,10.77,87.85,107.171,129.464,FALSE,1,1,3000
"817","KnC[135]",96.133,9.561,78.489,95.654,115.974,FALSE,1,1,3000
"818","By[1]",8.885,11.782,0.842,5.633,37.433,FALSE,1,1.006,2702
"819","By[2]",8.104,10.038,0.702,5.095,35.471,FALSE,1,1.001,3000
"820","By[3]",8.237,9.723,0.756,5.124,35.381,FALSE,1,1.001,3000
"821","By[4]",11.678,12.068,1.456,8.205,42.42,FALSE,1,1.008,3000
"822","By[5]",13.808,12.571,2.194,10.236,46.482,FALSE,1,1.005,3000
"823","By[6]",15.507,12.74,2.877,12.171,48.543,FALSE,1,1.003,3000
"824","By[7]",18.329,14.841,3.771,14.124,59.57,FALSE,1,1,3000
"825","By[8]",20.099,14.5,4.154,16.166,59.068,FALSE,1,1.001,2888
"826","By[9]",24.59,16.799,6.348,20.338,67.724,FALSE,1,1.011,429
"827","By[10]",28.508,17.075,8.081,24.701,73.43,FALSE,1,1.001,3000
"828","By[11]",33.102,18.001,10.875,29.309,81.127,FALSE,1,1,3000
"829","By[12]",37.604,19.607,13.025,33.579,86.175,FALSE,1,1,3000
"830","By[13]",54.494,23.352,23.301,50.135,113.915,FALSE,1,1.001,3000
"831","By[14]",71.988,28.041,33.088,66.411,141.289,FALSE,1,1,3000
"832","By[15]",88.418,29.866,44.453,84.237,159.35,FALSE,1,1,3000
"833","By[16]",98.434,32.246,51.482,94.113,175.905,FALSE,1,1,3000
"834","By[17]",109.699,33.571,59.58,104.987,190.243,FALSE,1,1.004,1051
"835","By[18]",87.343,30.737,42.396,81.884,163.21,FALSE,1,1,3000
"836","By[19]",140.324,38.999,78.98,135.319,229.278,FALSE,1,1,3000
"837","By[20]",192.56,49.144,113.994,186.833,300.497,FALSE,1,1.001,2412
"838","By[21]",194.725,47.801,119.485,187.974,301.901,FALSE,1,1.001,1774
"839","By[22]",197.825,49.4,117.759,191.908,308.954,FALSE,1,1,3000
"840","By[23]",198.688,46.879,121.272,194.07,302.668,FALSE,1,1.001,3000
"841","By[24]",217.813,52.167,134.568,210.558,335.901,FALSE,1,1,3000
"842","By[25]",230.409,54.354,140.423,224.512,355.74,FALSE,1,1.001,2158
"843","By[26]",237.565,55.137,146.464,231.786,365.248,FALSE,1,1.001,3000
"844","By[27]",218.896,54.459,131.786,213.718,346.232,FALSE,1,1.001,3000
"845","By[28]",219.124,54.873,131.735,213.045,346.924,FALSE,1,1.002,1014
"846","By[29]",158.823,45.09,88.405,152.692,261.903,FALSE,1,1.002,3000
"847","By[30]",155.837,43.068,88.649,151.483,254.414,FALSE,1,1,3000
"848","By[31]",127.485,38.21,68.554,122.275,215.923,FALSE,1,1,3000
"849","By[32]",132.022,40.315,70.664,126.487,226.825,FALSE,1,1,2977
"850","By[33]",155.983,43.461,87.285,150.176,256.286,FALSE,1,1,2379
"851","By[34]",149.801,42.164,83.283,145.014,248.37,FALSE,1,1.001,3000
"852","By[35]",131.345,39.953,70.38,125.316,228.101,FALSE,1,1.002,1305
"853","By[36]",159.497,46.451,88.667,153.019,271.985,FALSE,1,1.002,3000
"854","By[37]",167.411,48.731,90.883,161.148,278.713,FALSE,1,1.001,2191
"855","By[38]",141.761,44.045,75.073,135.591,248.414,FALSE,1,1.002,947
"856","By[39]",130.523,42.086,68.615,123.242,232.61,FALSE,1,1,3000
"857","By[40]",137.081,43.923,70.521,130.417,242.312,FALSE,1,1,3000
"858","By[41]",138.192,44.143,72.064,131.266,243.888,FALSE,1,1,2770
"859","By[42]",268.903,55.767,174.472,261.95,391.727,FALSE,1,1.001,2304
"860","By[43]",223.765,50.277,142.655,217.997,342.779,FALSE,1,1,3000
"861","By[44]",203.899,46.93,126.128,199.146,312.925,FALSE,1,1.001,1881
"862","By[45]",210.042,48.489,131.25,204.088,315.155,FALSE,1,1.001,1280
"863","By[46]",221.738,50.285,139.208,216.95,336.107,FALSE,1,1,3000
"864","By[47]",214.861,50.367,132.816,209.552,328.722,FALSE,1,1.001,3000
"865","By[48]",232.629,55.927,141.17,227.637,358.239,FALSE,1,1.002,1534
"866","By[49]",245.501,56.714,152.752,238.269,380.181,FALSE,1,1,3000
"867","By[50]",201.802,50.617,120.203,195.295,313.871,FALSE,1,1.003,1396
"868","By[51]",192.812,51.127,112.475,186.933,311.522,FALSE,1,1.001,1728
"869","By[52]",190.429,50.344,111.14,183.759,304.088,FALSE,1,1.001,3000
"870","By[53]",184.549,47.101,109.175,179.662,293.395,FALSE,1,1.002,1680
"871","By[54]",162.787,43.578,93.434,157.29,266.066,FALSE,1,1.001,2690
"872","By[55]",197.021,46.512,122.108,192.353,301.872,FALSE,1,1.001,1430
"873","By[56]",166.516,43.124,99.269,160.469,264.47,FALSE,1,1.001,3000
"874","By[57]",215.59,47.106,138.081,210.212,325.966,FALSE,1,1,3000
"875","By[58]",153.121,40.213,90.132,147.213,244.257,FALSE,1,1,3000
"876","By[59]",219.559,49.687,137.737,213.584,331.372,FALSE,1,1,3000
"877","By[60]",225.861,52.335,139.631,220.13,343.036,FALSE,1,1,3000
"878","By[61]",197.565,46.886,122.448,191.717,310.444,FALSE,1,1,2710
"879","By[62]",223.688,49.283,141.065,219.874,335.494,FALSE,1,1.001,1978
"880","By[63]",195.968,47.144,117.761,190.827,301.034,FALSE,1,1.002,2000
"881","By[64]",215.523,49.313,134.767,208.83,324.295,FALSE,1,1,2804
"882","By[65]",235.321,58.118,143.571,228.156,366.838,FALSE,1,1,3000
"883","By[66]",196.76,51.424,114.427,189.58,319.866,FALSE,1,1,3000
"884","By[67]",215.713,55.448,128.963,208.684,342.247,FALSE,1,1,3000
"885","By[68]",171.538,47.976,95.78,164.947,277.673,FALSE,1,1.001,3000
"886","By[69]",217.176,48.351,135.292,212.767,322.046,FALSE,1,1,2759
"887","By[70]",224.136,49.904,143.557,217.513,341.515,FALSE,1,1,3000
"888","By[71]",236.128,50.722,152.072,231.394,348.882,FALSE,1,1,3000
"889","By[72]",299.654,60.945,200.315,293.851,434.72,FALSE,1,1.001,3000
"890","By[73]",261.669,52.801,171.437,257.002,378.126,FALSE,1,1.001,1424
"891","By[74]",249.09,51.56,164.829,242.84,365.45,FALSE,1,1,3000
"892","By[75]",285.865,53.501,193.035,281.471,402.684,FALSE,1,1,2312
"893","By[76]",227.573,48.822,145.91,222.674,336.287,FALSE,1,1,3000
"894","By[77]",183.45,46.454,110.813,177.176,291.552,FALSE,1,1,3000
"895","By[78]",272.393,54.979,180.564,266.781,394.505,FALSE,1,1,3000
"896","By[79]",282.029,57.467,187.1,276.508,412.196,FALSE,1,1,3000
"897","By[80]",168.203,43.059,100.022,162.805,268.153,FALSE,1,1,3000
"898","By[81]",133.272,36.382,76.961,128.551,221.787,FALSE,1,1,3000
"899","By[82]",198.79,49.588,118.883,194.118,310.087,FALSE,1,1,3000
"900","By[83]",178.57,44.17,109.34,172.616,282.255,FALSE,1,1.001,3000
"901","By[84]",139.861,38.235,77.683,135.462,227.805,FALSE,1,1.001,3000
"902","By[85]",135.882,37.756,76.441,131.105,225.946,FALSE,1,1.008,285
"903","By[86]",117.253,35.236,63.724,112.478,200.234,FALSE,1,1.001,3000
"904","By[87]",119.323,34.376,65.89,113.861,199.693,FALSE,1,1.001,3000
"905","By[88]",141.897,38.999,81.107,136.715,234.342,FALSE,1,1.001,1610
"906","By[89]",110.236,32.646,58.804,105.645,183.121,FALSE,1,1,3000
"907","By[90]",78.911,28.555,37.871,74.234,146.664,FALSE,1,1.002,3000
"908","By[91]",109.073,33.016,58.188,105.27,185.896,FALSE,1,1.001,1829
"909","By[92]",95.377,31.722,47.685,90.518,172.501,FALSE,1,1,3000
"910","By[93]",66.701,28.145,28.26,60.741,136.315,FALSE,1,1,3000
"911","By[94]",76.007,30.617,33.783,70.251,147.051,FALSE,1,1.003,2171
"912","By[95]",51.435,21.935,20.78,47.097,105.783,FALSE,1,1.003,3000
"913","By[96]",79.858,26.353,41.082,75.942,140.943,FALSE,1,1,3000
"914","By[97]",86.541,27.576,45.022,82.675,152.341,FALSE,1,1,3000
"915","By[98]",108.255,30.739,59.464,103.986,179.752,FALSE,1,1.001,3000
"916","By[99]",138.94,35.742,80.828,134.83,220.519,FALSE,1,1,3000
"917","By[100]",121.992,32.749,69.967,118.237,196.801,FALSE,1,1.001,1324
"918","By[101]",147.619,36.428,88.829,144.331,231.473,FALSE,1,1,3000
"919","By[102]",143.048,35.045,87.033,138.639,222.92,FALSE,1,1,3000
"920","By[103]",163.485,37.777,101.042,159.06,248.789,FALSE,1,1,3000
"921","By[104]",129.314,34.206,75.619,124.932,210.952,FALSE,1,1.001,1933
"922","By[105]",146.545,35.572,87.978,143.025,229.008,FALSE,1,1,3000
"923","By[106]",183.942,40.957,117.983,179.053,273.011,FALSE,1,1,3000
"924","By[107]",191.025,41.293,122.182,186.834,283.546,FALSE,1,1,3000
"925","By[108]",114.657,31.704,64.771,110.628,189.141,FALSE,1,1.003,919
"926","By[109]",139.522,34.929,84.841,135.193,221.273,FALSE,1,1,3000
"927","By[110]",169.959,39.183,105.12,166.058,257.148,FALSE,1,1,3000
"928","By[111]",266.359,55.573,175.967,259.822,397.08,FALSE,1,1,3000
"929","By[112]",156.411,42.216,90.521,150.495,253.631,FALSE,1,1.002,1081
"930","By[113]",119.43,34.546,66.391,115.544,195.965,FALSE,1,1.002,1023
"931","By[114]",132.213,28.816,84.676,129.777,197.993,FALSE,1,1,3000
"932","By[115]",98.583,18.534,68.176,96.567,141.485,FALSE,1,1,2226
"933","By[116]",125.948,23.212,85.258,124.436,177.465,FALSE,1,1.001,2691
"934","By[117]",216.344,62.711,117.175,207.395,363.545,FALSE,1,1.001,1858
"935","By[118]",221.003,36.212,158.346,218.111,300.129,FALSE,1,1.002,1543
"936","By[119]",224.873,41.027,156.541,220.638,314.61,FALSE,1,1,3000
"937","By[120]",274.708,72.421,160.33,265.22,444.071,FALSE,1,1.002,746
"938","By[121]",176.268,37.404,113.351,173.065,259.861,FALSE,1,1,3000
"939","By[122]",185.399,34.828,127.679,181.843,261.458,FALSE,1,1.001,1272
"940","By[123]",214.714,39.528,146.629,210.97,303.652,FALSE,1,1.001,2739
"941","By[124]",56.99,12.962,36.21,55.69,86.577,FALSE,1,1.001,1948
"942","By[125]",38.496,7.966,25.118,37.602,56.125,FALSE,1,1,3000
"943","By[126]",47.911,8.703,32.642,47.246,67.268,FALSE,1,1,3000
"944","By[127]",56.401,10.09,39.496,55.479,78.641,FALSE,1,1.002,3000
"945","By[128]",45.136,7.246,32.415,44.517,60.664,FALSE,1,1,3000
"946","By[129]",72.115,24.746,35.447,68.502,130.581,FALSE,1,1.008,495
"947","By[130]",59.131,12.679,38.248,58.009,87.795,FALSE,1,1,3000
"948","By[131]",88.131,21.199,53.933,86.267,135.569,FALSE,1,1.001,2327
"949","By[132]",64.092,11.939,43.35,62.977,89.959,FALSE,1,1,3000
"950","By[133]",64.542,15.466,39.26,62.4,98.823,FALSE,1,1.001,3000
"951","By[134]",124.066,25.403,80.787,121.368,180.569,FALSE,1,1.001,1850
"952","By[135]",112.757,116.099,15.603,79.455,419.944,FALSE,1,1.009,1962
"953","For.catch[1]",0,0,0,0,0.001,FALSE,1,1.043,2558
"954","For.catch[2]",0,0,0,0,0.001,FALSE,1,1.015,2354
"955","For.catch[3]",0,0,0,0,0.001,FALSE,1,1.015,3000
"956","For.catch[4]",0,0,0,0,0.001,FALSE,1,1.001,3000
"957","For.catch[5]",0,0,0,0,0.001,FALSE,1,1.007,3000
"958","For.catch[6]",0,0,0,0,0.001,FALSE,1,1.001,3000
"959","For.catch[7]",0,0,0,0,0.001,FALSE,1,1.03,1916
"960","For.catch[8]",0,0,0,0,0.001,FALSE,1,1.021,1376
"961","For.catch[9]",0,0,0,0,0.001,FALSE,1,1.001,3000
"962","For.catch[10]",0,0,0,0,0.001,FALSE,1,1.004,1888
"963","For.catch[11]",0,0,0,0,0.001,FALSE,1,1.016,1855
"964","For.catch[12]",0,0,0,0,0.001,FALSE,1,1.001,3000
"965","For.catch[13]",0,0,0,0,0.001,FALSE,1,1.019,1261
"966","For.catch[14]",0,0,0,0,0.001,FALSE,1,1.003,3000
"967","For.catch[15]",0,0,0,0,0.001,FALSE,1,1.006,3000
"968","For.catch[16]",0,0,0,0,0.001,FALSE,1,1.001,2500
"969","For.catch[17]",0,0,0,0,0.001,FALSE,1,1.012,3000
"970","For.catch[18]",0,0,0,0,0.001,FALSE,1,1.001,3000
"971","For.catch[19]",0,0,0,0,0.001,FALSE,1,1.003,3000
"972","For.catch[20]",0,0,0,0,0.001,FALSE,1,1,3000
"973","For.catch[21]",0,0,0,0,0.001,FALSE,1,1.003,3000
"974","For.catch[22]",0,0,0,0,0.001,FALSE,1,1.008,2792
"975","For.catch[23]",0,0,0,0,0.001,FALSE,1,1.011,3000
"976","For.catch[24]",0,0,0,0,0.001,FALSE,1,1.005,3000
"977","For.catch[25]",0,0,0,0,0.001,FALSE,1,1.008,1744
"978","For.catch[26]",0,0,0,0,0.001,FALSE,1,1.009,3000
"979","For.catch[27]",0,0,0,0,0.001,FALSE,1,1.008,2470
"980","For.catch[28]",0,0,0,0,0.001,FALSE,1,1.009,1130
"981","For.catch[29]",0,0,0,0,0.001,FALSE,1,1.015,3000
"982","For.catch[30]",0,0,0,0,0.001,FALSE,1,1.004,3000
"983","For.catch[31]",0,0,0,0,0.001,FALSE,1,1.004,1719
"984","For.catch[32]",0,0,0,0,0.001,FALSE,1,1.008,3000
"985","For.catch[33]",0,0,0,0,0.001,FALSE,1,1.111,1383
"986","For.catch[34]",0,0,0,0,0.001,FALSE,1,1.025,728
"987","For.catch[35]",0,0,0,0,0.001,FALSE,1,1.002,3000
"988","For.catch[36]",0,0,0,0,0.001,FALSE,1,1.003,3000
"989","For.catch[37]",0,0,0,0,0.001,FALSE,1,1.012,3000
"990","For.catch[38]",0,0,0,0,0.001,FALSE,1,1.001,3000
"991","For.catch[39]",0,0,0,0,0.001,FALSE,1,1.005,1784
"992","For.catch[40]",0,0,0,0,0.001,FALSE,1,1.004,3000
"993","For.catch[41]",0,0,0,0,0.001,FALSE,1,1.003,3000
"994","For.catch[42]",0,0,0,0,0.001,FALSE,1,1.002,3000
"995","For.catch[43]",0,0,0,0,0.001,FALSE,1,1.001,3000
"996","For.catch[44]",0,0,0,0,0.001,FALSE,1,1.028,1036
"997","For.catch[45]",0,0,0,0,0.001,FALSE,1,1.002,3000
"998","For.catch[46]",0,0,0,0,0.001,FALSE,1,1.006,3000
"999","For.catch[47]",0,0,0,0,0.001,FALSE,1,1,3000
"1000","For.catch[48]",0,0,0,0,0.001,FALSE,1,1.013,850
"1001","For.catch[49]",0,0,0,0,0.001,FALSE,1,1.016,3000
"1002","For.catch[50]",0,0,0,0,0.001,FALSE,1,1.01,3000
"1003","For.catch[51]",0,0,0,0,0.001,FALSE,1,1.052,2572
"1004","For.catch[52]",0,0,0,0,0.001,FALSE,1,1.001,3000
"1005","For.catch[53]",0,0,0,0,0.001,FALSE,1,1.006,3000
"1006","For.catch[54]",0,0,0,0,0.001,FALSE,1,1,3000
"1007","For.catch[55]",0,0,0,0,0.001,FALSE,1,1.004,2327
"1008","For.catch[56]",0,0,0,0,0.001,FALSE,1,1.008,3000
"1009","For.catch[57]",0,0,0,0,0.001,FALSE,1,1.016,3000
"1010","For.catch[58]",0,0,0,0,0.001,FALSE,1,1.011,2860
"1011","For.catch[59]",0,0,0,0,0.001,FALSE,1,1.024,1427
"1012","For.catch[60]",0,0,0,0,0.001,FALSE,1,1.009,3000
"1013","For.catch[61]",0,0,0,0,0.001,FALSE,1,1.003,3000
"1014","For.catch[62]",0,0,0,0,0.001,FALSE,1,1.011,2174
"1015","For.catch[63]",0,0,0,0,0.001,FALSE,1,1.002,3000
"1016","For.catch[64]",0,0,0,0,0.001,FALSE,1,1.014,3000
"1017","For.catch[65]",0,0,0,0,0.001,FALSE,1,1.005,3000
"1018","For.catch[66]",0,0,0,0,0.001,FALSE,1,1.006,3000
"1019","For.catch[67]",0,0,0,0,0.001,FALSE,1,1.006,3000
"1020","For.catch[68]",0,0,0,0,0.001,FALSE,1,1.003,3000
"1021","For.catch[69]",0,0,0,0,0.001,FALSE,1,1.016,1866
"1022","For.catch[70]",0,0,0,0,0.001,FALSE,1,1.013,932
"1023","For.catch[71]",0,0,0,0,0.001,FALSE,1,1.005,3000
"1024","For.catch[72]",0,0,0,0,0.001,FALSE,1,1.006,3000
"1025","For.catch[73]",0,0,0,0,0.001,FALSE,1,1.012,3000
"1026","For.catch[74]",41.026,65.251,1.473,19.668,211.881,FALSE,1,1.015,3000
"1027","For.catch[75]",117.757,157.72,5.275,61.21,606.015,FALSE,1,1.002,1405
"1028","For.catch[76]",207.291,219.61,11.022,129.021,872.143,FALSE,1,1.002,1986
"1029","For.catch[77]",330.433,282.258,23.506,241.13,1059.932,FALSE,1,1,3000
"1030","For.catch[78]",405.446,306.98,36.602,315.919,1125.62,FALSE,1,1,3000
"1031","For.catch[79]",261.553,259.087,14.79,168.948,1029.408,FALSE,1,1.001,3000
"1032","For.catch[80]",226.624,236.761,12.642,137.219,927.882,FALSE,1,1,3000
"1033","For.catch[81]",190.949,214.397,10.582,111.273,832.987,FALSE,1,1.001,2532
"1034","For.catch[82]",166.193,200.423,7.955,92.25,799.461,FALSE,1,1,3000
"1035","For.catch[83]",136.577,171.964,7.007,72.306,679.352,FALSE,1,1.001,3000
"1036","For.catch[84]",176.213,203.682,8.584,99.561,796.014,FALSE,1,1.003,2785
"1037","For.catch[85]",164.84,191.651,8.669,93.961,759.405,FALSE,1,1,3000
"1038","For.catch[86]",146.927,187.122,7.193,77.242,737.51,FALSE,1,1.001,3000
"1039","For.catch[87]",124.881,165.426,5.992,65.266,643.748,FALSE,1,1.005,1752
"1040","For.catch[88]",143.278,185.39,6.289,76.726,733.98,FALSE,1,1.001,3000
"1041","For.catch[89]",133.201,180.67,6.129,66.248,732.412,FALSE,1,1,3000
"1042","For.catch[90]",143.23,180.961,6.546,78.464,682.462,FALSE,1,1.002,3000
"1043","For.catch[91]",26.602,47.116,1.119,12.78,142.391,FALSE,1,1.017,3000
"1044","For.catch[92]",32.539,57.309,1.431,15.112,176.555,FALSE,1,1.009,3000
"1045","For.catch[93]",44.313,72.235,1.799,20.911,218.818,FALSE,1,1.007,2055
"1046","For.catch[94]",45.552,73.939,2.036,22.516,232.237,FALSE,1,1.01,3000
"1047","For.catch[95]",0,0,0,0,0.001,FALSE,1,1.002,3000
"1048","For.catch[96]",0,0,0,0,0.001,FALSE,1,1.021,3000
"1049","For.catch[97]",0,0,0,0,0.001,FALSE,1,1.005,3000
"1050","For.catch[98]",0,0,0,0,0.001,FALSE,1,1.016,3000
"1051","For.catch[99]",0,0,0,0,0.001,FALSE,1,1.031,1210
"1052","For.catch[100]",0,0,0,0,0.001,FALSE,1,1.005,3000
"1053","For.catch[101]",0,0,0,0,0.001,FALSE,1,1.003,3000
"1054","For.catch[102]",0,0,0,0,0.001,FALSE,1,1.01,1497
"1055","For.catch[103]",0,0,0,0,0.001,FALSE,1,1.009,2953
"1056","For.catch[104]",0,0,0,0,0.001,FALSE,1,1.003,3000
"1057","For.catch[105]",0,0,0,0,0.001,FALSE,1,1.007,3000
"1058","For.catch[106]",0,0,0,0,0.001,FALSE,1,1.013,1265
"1059","For.catch[107]",0,0,0,0,0.001,FALSE,1,1,3000
"1060","For.catch[108]",0,0,0,0,0.001,FALSE,1,1.015,873
"1061","For.catch[109]",0,0,0,0,0.001,FALSE,1,1.008,3000
"1062","For.catch[110]",0,0,0,0,0.001,FALSE,1,1.002,3000
"1063","For.catch[111]",0,0,0,0,0.001,FALSE,1,1.05,3000
"1064","For.catch[112]",0,0,0,0,0.001,FALSE,1,1.027,1393
"1065","For.catch[113]",0,0,0,0,0.001,FALSE,1,1,3000
"1066","For.catch[114]",0,0,0,0,0.001,FALSE,1,1.001,1611
"1067","For.catch[115]",0,0,0,0,0.001,FALSE,1,1.004,1185
"1068","For.catch[116]",0,0,0,0,0.001,FALSE,1,1.003,2120
"1069","For.catch[117]",0,0,0,0,0.001,FALSE,1,1.015,3000
"1070","For.catch[118]",0,0,0,0,0.001,FALSE,1,1.001,3000
"1071","For.catch[119]",0,0,0,0,0.001,FALSE,1,1.008,2788
"1072","For.catch[120]",0,0,0,0,0.001,FALSE,1,1.016,2821
"1073","For.catch[121]",0,0,0,0,0.001,FALSE,1,1.011,3000
"1074","For.catch[122]",0,0,0,0,0.001,FALSE,1,1.007,3000
"1075","For.catch[123]",0,0,0,0,0.001,FALSE,1,1.01,3000
"1076","For.catch[124]",0,0,0,0,0.001,FALSE,1,1.005,3000
"1077","For.catch[125]",0,0,0,0,0.001,FALSE,1,1.003,2424
"1078","For.catch[126]",0,0,0,0,0.001,FALSE,1,1.022,1881
"1079","For.catch[127]",0,0,0,0,0.001,FALSE,1,1.002,3000
"1080","For.catch[128]",0,0,0,0,0.001,FALSE,1,1.013,1637
"1081","For.catch[129]",0,0,0,0,0.001,FALSE,1,1.003,3000
"1082","For.catch[130]",0,0,0,0,0.001,FALSE,1,1.005,3000
"1083","For.catch[131]",0,0,0,0,0.001,FALSE,1,1.004,3000
"1084","For.catch[132]",0,0,0,0,0.001,FALSE,1,1.008,3000
"1085","For.catch[133]",0,0,0,0,0.001,FALSE,1,1.005,3000
"1086","For.catch[134]",0,0,0,0,0.001,FALSE,1,1.007,2621
"1087","For.catch[135]",0,0,0,0,0.001,FALSE,1,1.03,1259
"1088","Surplus[1]",0,0,0,0,0,FALSE,1,NA,1
"1089","Surplus[2]",0.531,40.193,-86.768,0.211,90.374,TRUE,0.51,1.008,3000
"1090","Surplus[3]",0.073,56.981,-129.468,0.685,124.288,TRUE,0.524,1.003,3000
"1091","Surplus[4]",-0.606,65.92,-150.886,0.685,138.048,TRUE,0.483,1.002,3000
"1092","Surplus[5]",-1.503,74.551,-168.037,0.635,144.422,TRUE,0.489,1.003,3000
"1093","Surplus[6]",-2.272,81.822,-195.984,1.371,153.323,TRUE,0.474,1.001,3000
"1094","Surplus[7]",-1.491,87.233,-202.217,1.592,161.895,TRUE,0.478,1.002,1762
"1095","Surplus[8]",-1.347,91.671,-207.008,2.049,175.877,TRUE,0.471,1,3000
"1096","Surplus[9]",-1.099,97.273,-224.479,2.1,184.218,TRUE,0.461,1.001,2194
"1097","Surplus[10]",-0.993,102.878,-247.554,2.335,195.479,TRUE,0.469,1.001,3000
"1098","Surplus[11]",-0.787,103.288,-233.705,2.659,198.023,TRUE,0.471,1.002,3000
"1099","Surplus[12]",-0.414,104.299,-236.59,2.303,209.816,TRUE,0.466,1.002,3000
"1100","Surplus[13]",-0.401,108.391,-268.551,2.756,213.945,TRUE,0.464,1.001,2891
"1101","Surplus[14]",0.589,109.611,-254.686,3.712,228.414,TRUE,0.539,1,3000
"1102","Surplus[15]",1.126,107.627,-257.569,3.55,218.584,TRUE,0.539,1,2576
"1103","Surplus[16]",2.374,110.492,-245.133,3.65,229.626,TRUE,0.538,1,3000
"1104","Surplus[17]",3.623,110.871,-245.605,4.582,229.495,TRUE,0.55,1,2328
"1105","Surplus[18]",6.173,110.801,-249.427,5.557,234.898,TRUE,0.559,1.001,1534
"1106","Surplus[19]",6.464,112.965,-245.298,6.26,239.469,TRUE,0.562,1.001,2406
"1107","Surplus[20]",9.242,113.564,-243.594,7.437,244.927,TRUE,0.571,1.001,1534
"1108","Surplus[21]",13.468,111.502,-239.559,9.618,251.212,TRUE,0.586,1.001,1317
"1109","Surplus[22]",15.828,113.454,-227.388,10.933,250.13,TRUE,0.596,1.001,2041
"1110","Surplus[23]",18.583,114.016,-233.667,12.148,267.113,TRUE,0.603,1.002,1539
"1111","Surplus[24]",20.852,118.03,-223.243,13.534,271.808,TRUE,0.611,1.004,1612
"1112","Surplus[25]",23.73,118.114,-222.829,15.493,277.184,TRUE,0.622,1.002,2011
"1113","Surplus[26]",26.375,117.86,-216.691,17.384,286.457,TRUE,0.633,1.004,1600
"1114","Surplus[27]",28.809,119.128,-220.237,18.515,294.954,TRUE,0.648,1.003,1571
"1115","Surplus[28]",30.813,121.166,-228.739,19.428,299.1,TRUE,0.65,1.002,2102
"1116","Surplus[29]",33.971,123.175,-218.268,21.306,305.799,TRUE,0.663,1.002,1743
"1117","Surplus[30]",35.059,122.823,-213.176,22.358,309.078,TRUE,0.668,1.003,3000
"1118","Surplus[31]",36.413,123.625,-209.057,22.256,319.62,TRUE,0.668,1.002,3000
"1119","Surplus[32]",37.01,121.665,-206.543,24.031,315.114,TRUE,0.681,1.001,3000
"1120","Surplus[33]",37.662,123.048,-205.893,25.044,307.943,TRUE,0.679,1.002,3000
"1121","Surplus[34]",38.47,121.748,-202.772,25.447,305.693,TRUE,0.678,1.002,3000
"1122","Surplus[35]",39.91,122.406,-202.939,25.737,313.653,TRUE,0.686,1.003,3000
"1123","Surplus[36]",40.945,122.889,-210.166,27.048,312.882,TRUE,0.692,1.004,1729
"1124","Surplus[37]",43.028,124.931,-198.569,28.644,316.25,TRUE,0.702,1.006,1552
"1125","Surplus[38]",44.188,124.731,-189.685,28.186,326.472,TRUE,0.702,1.008,2241
"1126","Surplus[39]",44.999,125.364,-190.197,30.232,331.575,TRUE,0.71,1.008,1734
"1127","Surplus[40]",45.069,124.637,-208.622,31.107,325.683,TRUE,0.716,1.006,2206
"1128","Surplus[41]",46.203,123.007,-195.428,31.886,318.555,TRUE,0.715,1.004,2616
"1129","Surplus[42]",47.06,123.268,-197.649,31.333,319.345,TRUE,0.716,1.003,3000
"1130","Surplus[43]",49.394,123.372,-199.226,33.416,322.725,TRUE,0.727,1.003,2791
"1131","Surplus[44]",50.852,123.204,-208.415,34.61,325.789,TRUE,0.737,1.003,2017
"1132","Surplus[45]",51.6,125.501,-195.944,36.388,325.926,TRUE,0.738,1.004,1834
"1133","Surplus[46]",54.376,125.409,-193.403,37.782,329.064,TRUE,0.745,1.003,1587
"1134","Surplus[47]",56.402,125.94,-201.517,40.391,341.527,TRUE,0.749,1.004,1517
"1135","Surplus[48]",58.031,127.483,-195.624,41.336,343.512,TRUE,0.76,1.004,1490
"1136","Surplus[49]",57.86,127.929,-195.743,43.061,335.07,TRUE,0.758,1.004,1500
"1137","Surplus[50]",59.615,125.994,-198.803,44.553,336.359,TRUE,0.773,1.002,1589
"1138","Surplus[51]",61.482,126.709,-191.326,45.195,346.019,TRUE,0.768,1.001,1674
"1139","Surplus[52]",62.208,127.595,-195.29,47.115,345.067,TRUE,0.775,1.002,1835
"1140","Surplus[53]",63.439,126.626,-189.441,48.368,343.212,TRUE,0.782,1.003,1311
"1141","Surplus[54]",64.935,127.236,-206.949,49.274,343.373,TRUE,0.789,1.002,1017
"1142","Surplus[55]",65.517,127.054,-194.885,50.204,344.491,TRUE,0.786,1.002,848
"1143","Surplus[56]",66.533,128.185,-191.619,50.901,347.724,TRUE,0.788,1.001,1274
"1144","Surplus[57]",66.626,129.672,-190.781,50.733,347.315,TRUE,0.792,1.002,893
"1145","Surplus[58]",67.441,129.013,-182.326,51.312,340.693,TRUE,0.792,1.002,996
"1146","Surplus[59]",67.963,127.969,-198.69,52.182,346.652,TRUE,0.787,1.001,1308
"1147","Surplus[60]",69.803,127.292,-180.093,53.648,353.34,TRUE,0.797,1.001,1570
"1148","Surplus[61]",71.621,126.169,-179.927,55.703,356.42,TRUE,0.801,1.002,1205
"1149","Surplus[62]",71.617,126.121,-168.251,54.634,354.159,TRUE,0.805,1.002,1141
"1150","Surplus[63]",71.973,125.984,-181.219,56.175,339.967,TRUE,0.809,1.003,1079
"1151","Surplus[64]",71.821,126.535,-191.418,56.57,341.573,TRUE,0.813,1.004,843
"1152","Surplus[65]",73.713,125.502,-173.957,56.829,355.913,TRUE,0.817,1.005,890
"1153","Surplus[66]",75.015,124.871,-176.548,57.965,347.784,TRUE,0.817,1.005,898
"1154","Surplus[67]",76.194,124.817,-174.403,57.848,358.635,TRUE,0.821,1.005,1110
"1155","Surplus[68]",77.223,124.63,-155.263,60.926,357.144,TRUE,0.825,1.009,1102
"1156","Surplus[69]",77.429,125.377,-166.008,60.175,357.314,TRUE,0.828,1.006,1204
"1157","Surplus[70]",79.544,123.515,-158.67,62.162,350.336,TRUE,0.834,1.006,1405
"1158","Surplus[71]",81.326,122.571,-154.212,63.556,355.494,TRUE,0.835,1.003,1365
"1159","Surplus[72]",82.618,121.097,-150.936,64.727,360.084,TRUE,0.84,1.003,1490
"1160","Surplus[73]",84.213,120.45,-145.722,66.328,359.369,TRUE,0.848,1.003,1319
"1161","Surplus[74]",85.81,119.167,-138.313,66.753,359.93,TRUE,0.847,1.002,1694
"1162","Surplus[75]",87.49,119.237,-129.625,67.581,364.773,TRUE,0.855,1.002,2111
"1163","Surplus[76]",90.662,118.838,-126.134,69.231,368.281,TRUE,0.864,1.003,1138
"1164","Surplus[77]",93.799,119.47,-107.729,71.828,371.85,TRUE,0.867,1.002,1452
"1165","Surplus[78]",97.764,120.378,-104.387,75.131,389.837,TRUE,0.873,1.003,1018
"1166","Surplus[79]",103.809,121.079,-92.35,79.57,393.657,TRUE,0.886,1.003,1157
"1167","Surplus[80]",108.743,121.722,-79.455,83.124,405.948,TRUE,0.904,1.002,1215
"1168","Surplus[81]",111.023,120.804,-79.064,85.581,399.887,TRUE,0.908,1.001,2125
"1169","Surplus[82]",112.592,119.894,-79.929,87.812,402.828,TRUE,0.911,1,2951
"1170","Surplus[83]",113.836,118.295,-68.174,88.943,399.535,TRUE,0.913,1,2717
"1171","Surplus[84]",114.463,117.956,-72.289,89.704,403.232,TRUE,0.913,1.001,3000
"1172","Surplus[85]",114.669,118.736,-73.519,90.684,398.069,TRUE,0.915,1,3000
"1173","Surplus[86]",115.612,118.593,-69.151,92.036,397.575,TRUE,0.923,1,3000
"1174","Surplus[87]",114.924,116.91,-72.795,92.072,391.284,TRUE,0.923,1,3000
"1175","Surplus[88]",114.402,115.596,-67.238,93.414,388.391,TRUE,0.922,1,3000
"1176","Surplus[89]",115.03,113.703,-60.794,93.17,385.739,TRUE,0.925,1,3000
"1177","Surplus[90]",114.526,114.606,-64.839,95.307,382.566,TRUE,0.927,1,3000
"1178","Surplus[91]",114.178,113.187,-73.742,94.993,380.931,TRUE,0.926,1,3000
"1179","Surplus[92]",112.366,112.832,-71.538,93.427,382.694,TRUE,0.927,1,3000
"1180","Surplus[93]",111.146,112.457,-76.15,91.418,373.886,TRUE,0.92,1,3000
"1181","Surplus[94]",109.634,111.914,-81.367,91.468,368.161,TRUE,0.923,1,3000
"1182","Surplus[95]",108.404,112.515,-75.649,91.163,363.872,TRUE,0.922,1,3000
"1183","Surplus[96]",107.169,111.506,-67.849,88.947,356.979,TRUE,0.922,1,3000
"1184","Surplus[97]",106.259,108.782,-67.217,88.61,354.182,TRUE,0.925,1,3000
"1185","Surplus[98]",108.619,106.712,-75.029,92.521,349.787,TRUE,0.926,1.001,3000
"1186","Surplus[99]",113.005,107.762,-63.065,94.744,364.429,TRUE,0.928,1.001,2470
"1187","Surplus[100]",116.139,107.033,-57.708,99.358,364.955,TRUE,0.938,1,3000
"1188","Surplus[101]",123.756,107.217,-37.676,103.342,372.948,TRUE,0.952,1,3000
"1189","Surplus[102]",129.634,107.353,-22.634,108.654,381.746,TRUE,0.962,1,3000
"1190","Surplus[103]",130.62,106.581,-19.185,110.759,384.524,TRUE,0.967,1,3000
"1191","Surplus[104]",130.849,105.776,-21.191,111.404,377.086,TRUE,0.961,1,3000
"1192","Surplus[105]",132.87,104.802,-21.16,113.225,372.03,TRUE,0.967,1,3000
"1193","Surplus[106]",134.169,103.51,-9.264,115.729,374.714,TRUE,0.97,1,3000
"1194","Surplus[107]",135.983,104.639,-2.124,117.936,375.632,TRUE,0.973,1,3000
"1195","Surplus[108]",138.087,106.352,-0.287,119.561,379.541,TRUE,0.975,1,3000
"1196","Surplus[109]",138.842,106.638,2.651,119.708,377.545,FALSE,0.975,1,3000
"1197","Surplus[110]",143.07,106.513,6.039,123.453,386.78,FALSE,0.978,1,3000
"1198","Surplus[111]",147.518,108.038,9.922,129.721,394.265,FALSE,0.981,1,3000
"1199","Surplus[112]",155.317,110.192,16.399,135.041,408.86,FALSE,0.988,1,3000
"1200","Surplus[113]",161.965,111.592,18.862,140.863,420.052,FALSE,0.993,1,3000
"1201","Surplus[114]",168.193,114.368,20.172,146.414,437.228,FALSE,0.995,1,3000
"1202","Surplus[115]",174.16,117.475,21.119,150.452,447.854,FALSE,0.998,1,3000
"1203","Surplus[116]",179.348,121.537,22.4,154.152,464.092,FALSE,0.999,1.001,2873
"1204","Surplus[117]",184.293,125.942,22.745,157.454,486.727,FALSE,0.999,1.001,3000
"1205","Surplus[118]",190.952,132.381,23.772,162.395,508.862,FALSE,1,1.001,2135
"1206","Surplus[119]",195.818,137.819,23.757,164.97,526.588,FALSE,1,1.001,1961
"1207","Surplus[120]",200.669,144.085,23.771,166.322,553.858,FALSE,1,1.002,1716
"1208","Surplus[121]",204.224,149.359,23.596,167.14,572.766,FALSE,1,1.002,1652
"1209","Surplus[122]",206.705,153.278,23.665,168.002,586.312,FALSE,1,1.003,1582
"1210","Surplus[123]",208.739,156.893,23.67,168.525,600.285,FALSE,1,1.003,1400
"1211","Surplus[124]",210.222,159.418,23.773,169.129,611.395,FALSE,1,1.003,1513
"1212","Surplus[125]",211.044,161.011,23.781,168.961,618.157,FALSE,1,1.003,1381
"1213","Surplus[126]",211.135,161.208,23.825,169.547,615.88,FALSE,1,1.004,1363
"1214","Surplus[127]",211.232,161.461,23.828,169.469,616.978,FALSE,1,1.004,1369
"1215","Surplus[128]",210.668,160.293,23.896,169.177,609.114,FALSE,1,1.003,1374
"1216","Surplus[129]",209.791,158.696,23.85,168.871,605.298,FALSE,1,1.003,1390
"1217","Surplus[130]",209.112,157.538,23.838,168.972,600.704,FALSE,1,1.003,1436
"1218","Surplus[131]",207.685,154.811,23.836,168.794,592.367,FALSE,1,1.003,1505
"1219","Surplus[132]",206.097,152.047,23.779,167.984,578.325,FALSE,1,1.003,1478
"1220","Surplus[133]",204.489,149.129,23.816,167.921,565.614,FALSE,1,1.002,1628
"1221","Surplus[134]",202.698,146.002,23.845,167.628,553.912,FALSE,1,1.002,1870
"1222","Surplus[135]",201.028,143.447,24.116,167.487,546.385,FALSE,1,1.001,2266
"1223","Tau1",0.023,0.011,0.011,0.02,0.05,FALSE,1,1,3000
"1224","CtoB[1]",0,0,0,0,0.001,FALSE,1,1.003,2824
"1225","CtoB[2]",0,0,0,0,0.001,FALSE,1,1.006,3000
"1226","CtoB[3]",0,0,0,0,0.001,FALSE,1,1,3000
"1227","CtoB[4]",0,0,0,0,0.001,FALSE,1,1,3000
"1228","CtoB[5]",0,0,0,0,0.001,FALSE,1,1.009,2209
"1229","CtoB[6]",0,0,0,0,0.001,FALSE,1,1,3000
"1230","CtoB[7]",0,0,0,0,0.002,FALSE,1,1,3000
"1231","CtoB[8]",0.001,0,0,0,0.002,FALSE,1,1.001,2791
"1232","CtoB[9]",0.001,0,0,0,0.002,FALSE,1,1.009,782
"1233","CtoB[10]",0.001,0.001,0,0.001,0.002,FALSE,1,1.005,2273
"1234","CtoB[11]",0.001,0.001,0,0.001,0.002,FALSE,1,1.002,3000
"1235","CtoB[12]",0.001,0.001,0,0.001,0.003,FALSE,1,1,3000
"1236","CtoB[13]",0.001,0.001,0,0.001,0.003,FALSE,1,1.001,3000
"1237","CtoB[14]",0.002,0.001,0.001,0.002,0.004,FALSE,1,1,2662
"1238","CtoB[15]",0.002,0.001,0.001,0.002,0.005,FALSE,1,1.001,3000
"1239","CtoB[16]",0.003,0.001,0.001,0.002,0.006,FALSE,1,1.003,1137
"1240","CtoB[17]",0.003,0.001,0.001,0.003,0.006,FALSE,1,1.002,2262
"1241","CtoB[18]",0.002,0.001,0.001,0.002,0.005,FALSE,1,1.001,2945
"1242","CtoB[19]",0.004,0.002,0.001,0.003,0.008,FALSE,1,1.002,1363
"1243","CtoB[20]",0.005,0.002,0.002,0.005,0.01,FALSE,1,1,2774
"1244","CtoB[21]",0.005,0.002,0.002,0.005,0.011,FALSE,1,1.001,3000
"1245","CtoB[22]",0.005,0.002,0.002,0.005,0.011,FALSE,1,1.001,3000
"1246","CtoB[23]",0.005,0.002,0.002,0.005,0.011,FALSE,1,1.005,1470
"1247","CtoB[24]",0.006,0.003,0.002,0.005,0.012,FALSE,1,1.001,2207
"1248","CtoB[25]",0.006,0.003,0.003,0.006,0.013,FALSE,1,1.002,1736
"1249","CtoB[26]",0.006,0.003,0.003,0.006,0.013,FALSE,1,1.003,1112
"1250","CtoB[27]",0.006,0.003,0.002,0.005,0.012,FALSE,1,1.002,3000
"1251","CtoB[28]",0.006,0.003,0.002,0.005,0.013,FALSE,1,1.001,2451
"1252","CtoB[29]",0.004,0.002,0.002,0.004,0.009,FALSE,1,1.003,1686
"1253","CtoB[30]",0.004,0.002,0.002,0.004,0.009,FALSE,1,1.004,909
"1254","CtoB[31]",0.003,0.002,0.001,0.003,0.008,FALSE,1,1,3000
"1255","CtoB[32]",0.004,0.002,0.001,0.003,0.008,FALSE,1,1.001,2646
"1256","CtoB[33]",0.004,0.002,0.002,0.004,0.009,FALSE,1,1.001,2305
"1257","CtoB[34]",0.004,0.002,0.001,0.004,0.009,FALSE,1,1,3000
"1258","CtoB[35]",0.004,0.002,0.001,0.003,0.008,FALSE,1,1.001,1567
"1259","CtoB[36]",0.004,0.002,0.002,0.004,0.01,FALSE,1,1,3000
"1260","CtoB[37]",0.005,0.002,0.002,0.004,0.01,FALSE,1,1,3000
"1261","CtoB[38]",0.004,0.002,0.001,0.004,0.009,FALSE,1,1.002,1643
"1262","CtoB[39]",0.004,0.002,0.001,0.003,0.008,FALSE,1,1.001,2296
"1263","CtoB[40]",0.004,0.002,0.001,0.003,0.009,FALSE,1,1.001,3000
"1264","CtoB[41]",0.004,0.002,0.001,0.003,0.009,FALSE,1,1,3000
"1265","CtoB[42]",0.008,0.003,0.003,0.007,0.015,FALSE,1,1.001,1371
"1266","CtoB[43]",0.006,0.003,0.003,0.006,0.013,FALSE,1,1,3000
"1267","CtoB[44]",0.006,0.002,0.002,0.005,0.012,FALSE,1,1.002,1067
"1268","CtoB[45]",0.006,0.003,0.002,0.006,0.013,FALSE,1,1.001,1200
"1269","CtoB[46]",0.006,0.003,0.003,0.006,0.013,FALSE,1,1,3000
"1270","CtoB[47]",0.006,0.003,0.003,0.006,0.013,FALSE,1,1,3000
"1271","CtoB[48]",0.007,0.003,0.003,0.006,0.013,FALSE,1,1.001,1513
"1272","CtoB[49]",0.007,0.003,0.003,0.006,0.014,FALSE,1,1,2805
"1273","CtoB[50]",0.006,0.003,0.002,0.005,0.012,FALSE,1,1.001,1562
"1274","CtoB[51]",0.006,0.002,0.002,0.005,0.012,FALSE,1,1,3000
"1275","CtoB[52]",0.006,0.003,0.002,0.005,0.012,FALSE,1,1.001,3000
"1276","CtoB[53]",0.005,0.002,0.002,0.005,0.012,FALSE,1,1.002,1909
"1277","CtoB[54]",0.005,0.002,0.002,0.004,0.01,FALSE,1,1.003,1574
"1278","CtoB[55]",0.006,0.002,0.002,0.005,0.012,FALSE,1,1,2770
"1279","CtoB[56]",0.005,0.002,0.002,0.004,0.01,FALSE,1,1.001,3000
"1280","CtoB[57]",0.006,0.003,0.003,0.006,0.013,FALSE,1,1.002,1218
"1281","CtoB[58]",0.005,0.002,0.002,0.004,0.009,FALSE,1,1,3000
"1282","CtoB[59]",0.007,0.003,0.003,0.006,0.013,FALSE,1,1,3000
"1283","CtoB[60]",0.007,0.003,0.003,0.006,0.013,FALSE,1,1,3000
"1284","CtoB[61]",0.006,0.002,0.003,0.005,0.012,FALSE,1,1.001,2035
"1285","CtoB[62]",0.007,0.003,0.003,0.006,0.013,FALSE,1,1,3000
"1286","CtoB[63]",0.006,0.002,0.003,0.005,0.012,FALSE,1,1,2659
"1287","CtoB[64]",0.007,0.003,0.003,0.006,0.013,FALSE,1,1.001,2103
"1288","CtoB[65]",0.007,0.003,0.003,0.007,0.015,FALSE,1,1,3000
"1289","CtoB[66]",0.006,0.003,0.002,0.005,0.012,FALSE,1,1,3000
"1290","CtoB[67]",0.007,0.003,0.003,0.006,0.013,FALSE,1,1.001,2231
"1291","CtoB[68]",0.005,0.002,0.002,0.005,0.011,FALSE,1,1,3000
"1292","CtoB[69]",0.007,0.003,0.003,0.006,0.013,FALSE,1,1.003,3000
"1293","CtoB[70]",0.007,0.003,0.003,0.006,0.013,FALSE,1,1,3000
"1294","CtoB[71]",0.007,0.003,0.003,0.007,0.014,FALSE,1,1,3000
"1295","CtoB[72]",0.009,0.003,0.004,0.009,0.017,FALSE,1,1.002,1804
"1296","CtoB[73]",0.008,0.003,0.004,0.008,0.015,FALSE,1,1,3000
"1297","CtoB[74]",0.009,0.004,0.004,0.008,0.018,FALSE,1,1.005,3000
"1298","CtoB[75]",0.013,0.006,0.005,0.011,0.029,FALSE,1,1,2771
"1299","CtoB[76]",0.014,0.008,0.005,0.011,0.036,FALSE,1,1.002,3000
"1300","CtoB[77]",0.016,0.01,0.005,0.013,0.04,FALSE,1,1.001,3000
"1301","CtoB[78]",0.021,0.011,0.007,0.019,0.048,FALSE,1,1,2695
"1302","CtoB[79]",0.018,0.01,0.006,0.015,0.043,FALSE,1,1,3000
"1303","CtoB[80]",0.013,0.009,0.004,0.01,0.038,FALSE,1,1.001,3000
"1304","CtoB[81]",0.011,0.008,0.003,0.008,0.033,FALSE,1,1.002,2999
"1305","CtoB[82]",0.012,0.007,0.004,0.01,0.033,FALSE,1,1,3000
"1306","CtoB[83]",0.011,0.006,0.004,0.009,0.028,FALSE,1,1,3000
"1307","CtoB[84]",0.011,0.007,0.003,0.008,0.031,FALSE,1,1.001,3000
"1308","CtoB[85]",0.01,0.007,0.003,0.008,0.03,FALSE,1,1,3000
"1309","CtoB[86]",0.009,0.007,0.003,0.007,0.028,FALSE,1,1.001,3000
"1310","CtoB[87]",0.008,0.006,0.003,0.006,0.025,FALSE,1,1.008,1984
"1311","CtoB[88]",0.01,0.007,0.003,0.008,0.03,FALSE,1,1,3000
"1312","CtoB[89]",0.008,0.007,0.002,0.006,0.029,FALSE,1,1.001,3000
"1313","CtoB[90]",0.008,0.006,0.002,0.006,0.027,FALSE,1,1.001,3000
"1314","CtoB[91]",0.005,0.002,0.002,0.004,0.01,FALSE,1,1.006,2702
"1315","CtoB[92]",0.004,0.002,0.002,0.004,0.01,FALSE,1,1.007,2509
"1316","CtoB[93]",0.006,0.003,0.003,0.006,0.013,FALSE,1,1,3000
"1317","CtoB[94]",0.007,0.003,0.004,0.007,0.014,FALSE,1,1.006,1190
"1318","CtoB[95]",0.005,0.001,0.003,0.005,0.008,FALSE,1,1.002,3000
"1319","CtoB[96]",0.008,0.002,0.005,0.007,0.011,FALSE,1,1.001,2024
"1320","CtoB[97]",0.015,0.003,0.011,0.015,0.021,FALSE,1,1,3000
"1321","CtoB[98]",0.019,0.003,0.013,0.018,0.026,FALSE,1,1.001,1122
"1322","CtoB[99]",0.019,0.003,0.013,0.018,0.026,FALSE,1,1.002,3000
"1323","CtoB[100]",0.029,0.005,0.021,0.029,0.039,FALSE,1,1.001,2651
"1324","CtoB[101]",0.027,0.004,0.019,0.026,0.036,FALSE,1,1.001,2621
"1325","CtoB[102]",0.018,0.003,0.013,0.017,0.024,FALSE,1,1.001,2055
"1326","CtoB[103]",0.015,0.003,0.011,0.015,0.021,FALSE,1,1.001,3000
"1327","CtoB[104]",0.02,0.003,0.015,0.02,0.026,FALSE,1,1.001,2181
"1328","CtoB[105]",0.019,0.003,0.014,0.019,0.026,FALSE,1,1,3000
"1329","CtoB[106]",0.021,0.003,0.016,0.021,0.028,FALSE,1,1.001,2325
"1330","CtoB[107]",0.024,0.003,0.019,0.023,0.03,FALSE,1,1,2438
"1331","CtoB[108]",0.013,0.002,0.01,0.013,0.018,FALSE,1,1.001,1488
"1332","CtoB[109]",0.02,0.002,0.016,0.02,0.026,FALSE,1,1.001,3000
"1333","CtoB[110]",0.019,0.002,0.015,0.019,0.024,FALSE,1,1,3000
"1334","CtoB[111]",0.022,0.003,0.016,0.022,0.028,FALSE,1,1,3000
"1335","CtoB[112]",0.018,0.003,0.014,0.018,0.024,FALSE,1,1.001,1336
"1336","CtoB[113]",0.015,0.002,0.012,0.015,0.02,FALSE,1,1.002,1015
"1337","CtoB[114]",0.016,0.002,0.013,0.016,0.02,FALSE,1,1.001,1958
"1338","CtoB[115]",0.014,0.002,0.012,0.014,0.018,FALSE,1,1.001,1679
"1339","CtoB[116]",0.015,0.002,0.012,0.014,0.018,FALSE,1,1.001,2642
"1340","CtoB[117]",0.022,0.003,0.016,0.021,0.029,FALSE,1,1,3000
"1341","CtoB[118]",0.017,0.002,0.013,0.016,0.022,FALSE,1,1.002,1536
"1342","CtoB[119]",0.016,0.002,0.013,0.016,0.022,FALSE,1,1.003,1296
"1343","CtoB[120]",0.019,0.004,0.013,0.019,0.029,FALSE,1,1.003,813
"1344","CtoB[121]",0.017,0.002,0.013,0.016,0.022,FALSE,1,1,3000
"1345","CtoB[122]",0.018,0.003,0.013,0.018,0.023,FALSE,1,1,3000
"1346","CtoB[123]",0.018,0.003,0.013,0.018,0.024,FALSE,1,1,3000
"1347","CtoB[124]",0.009,0.001,0.007,0.009,0.011,FALSE,1,1.001,2198
"1348","CtoB[125]",0.013,0.001,0.011,0.013,0.017,FALSE,1,1,2899
"1349","CtoB[126]",0.015,0.002,0.012,0.015,0.019,FALSE,1,1.002,976
"1350","CtoB[127]",0.008,0.001,0.007,0.008,0.01,FALSE,1,1.001,2621
"1351","CtoB[128]",0.009,0.001,0.007,0.009,0.011,FALSE,1,1,3000
"1352","CtoB[129]",0.01,0.001,0.008,0.01,0.013,FALSE,1,1.01,527
"1353","CtoB[130]",0.01,0.001,0.008,0.01,0.013,FALSE,1,1,3000
"1354","CtoB[131]",0.011,0.002,0.009,0.011,0.015,FALSE,1,1,3000
"1355","CtoB[132]",0.011,0.001,0.009,0.011,0.014,FALSE,1,1,3000
"1356","CtoB[133]",0.006,0.001,0.005,0.006,0.008,FALSE,1,1,3000
"1357","CtoB[134]",0.008,0.002,0.006,0.008,0.012,FALSE,1,1,3000
"1358","CtoB[135]",0.008,0.006,0.004,0.006,0.025,FALSE,1,1.012,2000
"1359","CBtoK",0.442,0.133,0.216,0.429,0.736,FALSE,1,1.001,2193
"1360","B1980",0.742,0.18,0.408,0.735,1.112,FALSE,1,1.001,2316
"1361","Stock.Status",1.106,0.332,0.539,1.072,1.839,FALSE,1,1.001,2193
"1362","MSY",225.347,182.199,25.137,174.475,694.092,FALSE,1,1.006,1151
"1363","Bmsy",17433.752,5779.962,10090.039,16364.675,32124.961,FALSE,1,1.001,3000
"1364","Fmsy",0.016,0.017,0.001,0.01,0.065,FALSE,1,1.012,939
"1365","Hmsy",0.016,0.017,0.001,0.01,0.065,FALSE,1,1.012,939
"1366","fit",0.221,8.544,-16.811,0.401,16.722,TRUE,0.513,1.001,1844
"1367","subfit.new",-0.102,8.455,-16.98,0.024,15.899,TRUE,0.498,1,3000
"1368","deviance",-1611.9,28.909,-1666.936,-1612.473,-1552.508,FALSE,1,1.001,3000
