"","X","Subdistrict","Year","Density","CV","Area_km2","YE_abund","var.Dens","var.Abund","mean.YE.kg_rand","var.YE.kg_rand","bootvar.YE.kg_rand","N.wts_rand","wt_yrs_rand","mean.YE.kg_dir","var.YE.kg_dir","bootvar.YE.kg_dir","N.wts_dir","wt_yrs_dir","mean.YE.kg_hal","var.YE.kg_hal","bootvar.YE.kg_hal","N.wts_hal","wt_yrs_hal","Biomass.kg","var.Biomass.kg","Biomass.cv","Biomass.mt"
"1",1,"CSEO",1994,1683,0.1,1661,2795463,28324.89,78146133843.69,3.06406091370558,2.06752353287112,0.00214337794752788,985,"1989-1994",3.06406091370558,2.06752353287112,0.00220518421015733,985,"1989-1994",3.20819587628866,1.52965823543515,0.00377397193505281,388,"1994-2008",8565468.91401015,750589743865.22,0.10114633937195,8565.46891401015
"2",2,"EYKT",1994,NA,1,739,NA,NA,NA,3.46322203672788,1.31770180847678,0.00213877657728687,599,"1980-1996",3.46322203672788,1.31770180847678,0.00221584073647506,599,"1980-1996",4.30989203778677,2.61110269103111,0.00362666944907521,741,"1994-2011",NA,NA,NA,NA
"3",3,"NSEO",1994,765,0.33,442,338130,63731.0025,12450743572.41,3.49566125290023,1.89348648033238,0.0042769054562845,431,"1980-2009",3.32074324324324,1.81991168872955,0.0131808792093363,148,"1980-2020",3.71314285714286,2.34667225928257,0.00516386572692775,455,"1994-2010",1181987.93944316,152685936117.709,0.330587533965428,1181.98793944316
"4",4,"SSEO",1994,1173,0.29,1056,1238688,115715.6289,129038663549.03,3.49776515151515,2.2610579940774,0.00420233402473834,528,"1988-1994",3.5686524822695,2.38028379375937,0.00406829750499928,564,"1988-1994",3.84624605678233,1.6961190911632,0.00487027495841531,317,"1994-2017",4332639.72,1585695706143.44,0.290641313950598,4332.63972
"5",5,"CSEO",1995,2929,0.19,1661,4865069,309703.3801,854447159128.872,3.13823927765237,1.83334847655332,0.00392708867185189,443,"1995-1995",3.13823927765237,1.83334847655332,0.00445207672890242,443,"1995-1995",3.20819587628866,1.52965823543515,0.00384930979596878,388,"1995-2008",15267750.6242889,8511367294017.53,0.191084125141893,15267.7506242889
"6",6,"EYKT",1995,2711,0.2,739,2003429,293980.84,160549110321.64,3.46322203672788,1.31770180847678,0.00225016180713672,599,"1980-1996",3.46322203672788,1.31770180847678,0.00235653187217613,599,"1980-1996",4.30989203778677,2.61110269103111,0.00349015471550052,741,"1995-2011",6938319.4618197,1935003876552.24,0.20048718935129,6938.3194618197
"7",7,"NSEO",1995,NA,1,442,NA,NA,NA,3.49566125290023,1.89348648033238,0.00387617620470962,431,"1980-2009",3.32074324324324,1.81991168872955,0.0117046974958706,148,"1980-2020",3.71314285714286,2.34667225928257,0.00530545971982126,455,"1995-2010",NA,NA,NA,NA
"8",8,"SSEO",1995,NA,1,1056,NA,NA,NA,3.68442073170732,1.89544064201537,0.00598722304899988,328,"1992-1995",3.80611898016997,2.10656926989441,0.00577839007229428,353,"1992-1995",3.84624605678233,1.6961190911632,0.00591514843202625,317,"1995-2017",NA,NA,NA,NA
"9",9,"CSEO",1996,NA,1,1661,NA,NA,NA,3.11822413793103,1.50660150407957,0.00276711132665811,580,"1996-1996",3.11822413793103,1.50660150407957,0.00268308596098804,580,"1996-1996",3.20819587628866,1.52965823543515,0.00387224347091206,388,"1996-2008",NA,NA,NA,NA
"10",10,"EYKT",1996,NA,1,739,NA,NA,NA,3.46567335243553,1.40786369759246,0.00417448269602679,349,"1996-1996",3.46567335243553,1.40786369759246,0.00412851248057197,349,"1996-1996",4.30989203778677,2.61110269103111,0.00334375027045947,741,"1996-2011",NA,NA,NA,NA
"11",11,"NSEO",1996,NA,1,442,NA,NA,NA,3.49566125290023,1.89348648033238,0.00441148092057206,431,"1980-2009",3.32074324324324,1.81991168872955,0.0128348381479315,148,"1980-2020",3.71314285714286,2.34667225928257,0.00493964439601103,455,"1996-2010",NA,NA,NA,NA
"12",12,"SSEO",1996,NA,1,1056,NA,NA,NA,3.27219891219891,1.82284173956336,0.00146685817574901,1287,"1996-1996",3.30193717277487,1.86618733736715,0.0014066659491475,1337,"1996-1996",3.84624605678233,1.6961190911632,0.0050580847452195,317,"1996-2017",NA,NA,NA,NA
"13",13,"CSEO",1997,1631,0.14,1661,2709091,52139.1556,143847811307.108,3.00817767653759,1.27873639758272,0.0027056159490082,439,"1997-1997",2.7225918762089,1.57766885055403,0.00295344166305488,517,"1997-1997",3.20819587628866,1.52965823543515,0.00430562315621964,388,"1997-2008",8149427.06990888,1321944150012.84,0.141084556108068,8149.42706990888
"14",14,"EYKT",1997,2576,0.28,739,1903664,520244.8384,284116631391.846,3.81224747474747,1.69798151834804,0.0044634443112534,396,"1997-1997",3.80352644836272,1.72388803780882,0.00397275832338884,397,"1997-1997",4.30989203778677,2.61110269103111,0.00341375555222539,741,"1997-2011",7257238.27676768,4146575958688.15,0.280590801870126,7257.23827676768
"15",15,"NSEO",1997,NA,1,442,NA,NA,NA,3.49566125290023,1.89348648033238,0.00420672561511237,431,"1980-2009",3.32074324324324,1.81991168872955,0.0126594340085109,148,"1980-2020",3.71314285714286,2.34667225928257,0.00519293491652793,455,"1997-2010",NA,NA,NA,NA
"16",16,"SSEO",1997,NA,1,1056,NA,NA,NA,3.0886398467433,1.43365361668174,0.00266796599522226,522,"1997-1997",3.0886398467433,1.43365361668174,0.00258155652951545,522,"1997-1997",3.84624605678233,1.6961190911632,0.00495030440671742,317,"1997-2017",NA,NA,NA,NA
"17",17,"CSEO",1998,NA,1,1661,NA,NA,NA,3.05197635135135,1.34187510603878,0.00225801145093431,592,"1997-1998",2.74177556818182,1.66629371342784,0.00244501206356614,704,"1997-1998",3.20819587628866,1.52965823543515,0.00374551499361781,388,"1998-2008",NA,NA,NA,NA
"18",18,"EYKT",1998,NA,1,739,NA,NA,NA,4.06378250591017,1.84865769666006,0.00434099613781077,423,"1998-1998",4.03908450704225,1.92203421872411,0.00426394031727952,426,"1998-1998",4.30989203778677,2.61110269103111,0.00382336463522645,741,"1998-2011",NA,NA,NA,NA
"19",19,"NSEO",1998,NA,1,442,NA,NA,NA,3.49566125290023,1.89348648033238,0.00410911951079799,431,"1980-2009",3.32074324324324,1.81991168872955,0.0126950909803887,148,"1980-2020",3.71314285714286,2.34667225928257,0.00496821195583943,455,"1998-2010",NA,NA,NA,NA
"20",20,"SSEO",1998,NA,1,1056,NA,NA,NA,3.05680751173709,1.30608013697874,0.00293676661175657,426,"1998-1998",3.02368055555556,1.36611658449343,0.00298694316418399,432,"1998-1998",3.84624605678233,1.6961190911632,0.00547260273169706,317,"1998-2017",NA,NA,NA,NA
"21",21,"CSEO",1999,NA,1,1661,NA,NA,NA,3.17730593607306,1.29176331022386,0.00209669630279696,657,"1999-1999",3.05347083926031,1.43202867685499,0.00201288408507413,703,"1999-1999",3.20819587628866,1.52965823543515,0.00404345635807718,388,"1999-2008",NA,NA,NA,NA
"22",22,"EYKT",1999,1584,0.18,739,1170576,81293.4144,44396040765.5424,3.95436310395315,1.5674756568185,0.00223272589785926,683,"1998-1999",3.93950437317784,1.61108208976187,0.002387008264028,686,"1998-1999",4.30989203778677,2.61110269103111,0.00332365467899763,741,"1999-2011",4628882.54477306,697378849840.671,0.180409010704868,4628.88254477306
"23",23,"NSEO",1999,NA,1,442,NA,NA,NA,3.49566125290023,1.89348648033238,0.00466237733976514,431,"1980-2009",3.32074324324324,1.81991168872955,0.0123435100353778,148,"1980-2020",3.71314285714286,2.34667225928257,0.00474903253505891,455,"1999-2010",NA,NA,NA,NA
"24",24,"SSEO",1999,2376,0.2,1056,2509056,225815.04,251814480445.44,3.0280487804878,1.53820963675692,0.0050396711319728,328,"1999-1999",3.0280487804878,1.53820963675692,0.00466559094556242,328,"1999-1999",3.84624605678233,1.6961190911632,0.00530533767863137,317,"1999-2017",7597543.96097561,2341902585918.83,0.201423988494641,7597.54396097561
"25",25,"CSEO",2000,NA,1,1661,NA,NA,NA,3.17284427284427,1.2250448636044,0.00160093369769678,777,"1999-2000",3.06731470230863,1.34958827918747,0.00164514183591383,823,"1999-2000",3.20819587628866,1.52965823543515,0.00369231044483478,388,"2000-2008",NA,NA,NA,NA
"26",26,"EYKT",2000,NA,1,739,NA,NA,NA,3.70569230769231,1.05403280996638,0.00291255085295684,390,"1999-2000",3.70569230769231,1.05403280996638,0.00284062765821969,390,"1999-2000",4.30989203778677,2.61110269103111,0.00339339560454621,741,"2000-2011",NA,NA,NA,NA
"27",27,"NSEO",2000,NA,1,442,NA,NA,NA,3.49566125290023,1.89348648033238,0.00433700175304045,431,"1980-2009",3.32074324324324,1.81991168872955,0.0126678580811957,148,"1980-2020",3.71314285714286,2.34667225928257,0.0054057873191264,455,"2000-2010",NA,NA,NA,NA
"28",28,"SSEO",2000,NA,1,1056,NA,NA,NA,3.47608640406607,1.72020120372077,0.00221976624447878,787,"2000-2000",3.47076379066478,1.67855012401281,0.00242044296919291,707,"2000-2000",3.84624605678233,1.6961190911632,0.00538151618507819,317,"2000-2017",NA,NA,NA,NA
"29",29,"CSEO",2001,NA,1,1661,NA,NA,NA,3.27750922509225,1.38384350730846,0.00237730614492401,542,"2001-2001",3.27750922509225,1.38384350730846,0.00254694387647237,542,"2001-2001",3.20819587628866,1.52965823543515,0.00402996343403067,388,"2001-2008",NA,NA,NA,NA
"30",30,"EYKT",2001,NA,1,739,NA,NA,NA,4.30197674418605,2.02073252423893,0.00626702963878901,344,"2001-2001",4.30197674418605,2.02073252423893,0.00639645283126556,344,"2001-2001",4.30989203778677,2.61110269103111,0.00355646346943686,741,"2001-2011",NA,NA,NA,NA
"31",31,"NSEO",2001,NA,1,442,NA,NA,NA,3.49566125290023,1.89348648033238,0.00427734360657835,431,"1980-2009",3.32074324324324,1.81991168872955,0.0114071456607767,148,"1980-2020",3.71314285714286,2.34667225928257,0.00560341291270452,455,"2001-2010",NA,NA,NA,NA
"32",32,"SSEO",2001,NA,1,1056,NA,NA,NA,3.43035714285714,1.62120463895588,0.00155642066128353,1008,"2000-2001",3.4223599137931,1.58034577323494,0.00171013818658495,928,"2000-2001",3.84624605678233,1.6961190911632,0.00506310451510134,317,"2001-2017",NA,NA,NA,NA
"33",33,"CSEO",2002,NA,1,1661,NA,NA,NA,3.14940082644628,1.45296009573431,0.00299122453508594,484,"2002-2002",3.14940082644628,1.45296009573431,0.00321714456062467,484,"2002-2002",3.20819587628866,1.52965823543515,0.00391428324923858,388,"2002-2008",NA,NA,NA,NA
"34",34,"EYKT",2002,NA,1,739,NA,NA,NA,4.30197674418605,2.02073252423893,0.00619098164169781,344,"2001-2002",4.30197674418605,2.02073252423893,0.00595004904688017,344,"2001-2002",4.30989203778677,2.61110269103111,0.0036447960164732,741,"2002-2011",NA,NA,NA,NA
"35",35,"NSEO",2002,NA,1,442,NA,NA,NA,3.49566125290023,1.89348648033238,0.00460278196967377,431,"1980-2009",3.32074324324324,1.81991168872955,0.0125730554826146,148,"1980-2020",3.71314285714286,2.34667225928257,0.00548553106970078,455,"2002-2010",NA,NA,NA,NA
"36",36,"SSEO",2002,NA,1,1056,NA,NA,NA,3.42202558635394,1.56494054635249,0.00324282038839318,469,"2002-2002",3.44141230068337,1.50219023829584,0.00340912973695464,439,"2002-2002",3.84624605678233,1.6961190911632,0.00544917920780696,317,"2002-2017",NA,NA,NA,NA
"37",37,"CSEO",2003,1853,0.1,1661,3077833,34336.09,94730559758.89,3.00391402714932,1.36040165245585,0.00351882722752594,442,"2003-2003",3.01857787810384,1.45258145715657,0.00312289723926343,443,"2003-2003",3.20819587628866,1.52965823543515,0.00401183911474912,388,"2002-2008",9245545.72192308,888468544730.495,0.1019502928673,9245.54572192308
"38",38,"EYKT",2003,3825,0.17,739,2826675,422825.0625,230913645957.562,4.30197674418605,2.02073252423893,0.00609200213144459,344,"2001-2003",4.30197674418605,2.02073252423893,0.00603906105823238,344,"2001-2003",4.30989203778677,2.61110269103111,0.00359653275561508,741,"2002-2011",12160290.1133721,4323602129246.4,0.17099323344735,12160.2901133721
"39",39,"NSEO",2003,NA,1,442,NA,NA,NA,3.49566125290023,1.89348648033238,0.00446239886777999,431,"1980-2009",3.32074324324324,1.81991168872955,0.0120081661537313,148,"1980-2020",3.71314285714286,2.34667225928257,0.00508780845232384,455,"2002-2010",NA,NA,NA,NA
"40",40,"SSEO",2003,NA,1,1056,NA,NA,NA,3.4105047318612,1.53467620613871,0.0024284714315675,634,"2002-2003",3.42402317880795,1.48799987342537,0.00226797477339818,604,"2002-2003",3.84624605678233,1.6961190911632,0.00536073206495811,317,"2002-2017",NA,NA,NA,NA
"41",41,"CSEO",2004,NA,1,1661,NA,NA,NA,2.98920436817473,1.33390702223089,0.00209905585397703,641,"2003-2004",2.99388036809816,1.50643269227145,0.00228493279354645,652,"2003-2004",3.20819587628866,1.52965823543515,0.00379220791454583,388,"2002-2008",NA,NA,NA,NA
"42",42,"EYKT",2004,NA,1,739,NA,NA,NA,3.84867043847242,1.76574695497474,0.00229886704018367,707,"2004-2004",3.806492434663,1.97177514560384,0.00255133659818194,727,"2004-2004",4.30989203778677,2.61110269103111,0.00368867320282943,741,"2002-2011",NA,NA,NA,NA
"43",43,"NSEO",2004,NA,1,442,NA,NA,NA,3.49566125290023,1.89348648033238,0.00448472676787176,431,"1980-2009",3.32074324324324,1.81991168872955,0.0120197874036198,148,"1980-2020",3.71314285714286,2.34667225928257,0.0051372721321713,455,"2002-2010",NA,NA,NA,NA
"44",44,"SSEO",2004,NA,1,1056,NA,NA,NA,3.25435443037975,1.31816119385723,0.0030933912845138,395,"2004-2004",3.25435443037975,1.31816119385723,0.00330829701735769,395,"2004-2004",3.84624605678233,1.6961190911632,0.00519448740272281,317,"2002-2017",NA,NA,NA,NA
"45",45,"CSEO",2005,NA,1,1661,NA,NA,NA,2.98920436817473,1.33390702223089,0.00204600191649005,641,"2003-2005",2.99388036809816,1.50643269227145,0.00242326285395425,652,"2003-2005",3.20819587628866,1.52965823543515,0.00382599248972043,388,"2002-2008",NA,NA,NA,NA
"46",46,"EYKT",2005,NA,1,739,NA,NA,NA,4.1286170212766,2.48356661560284,0.00700420314595874,376,"2005-2005",4.1286170212766,2.48356661560284,0.00651245936219648,376,"2005-2005",4.30989203778677,2.61110269103111,0.00342993368823064,741,"2002-2011",NA,NA,NA,NA
"47",47,"NSEO",2005,NA,1,442,NA,NA,NA,3.49566125290023,1.89348648033238,0.00429536210377506,431,"1980-2009",3.32074324324324,1.81991168872955,0.0111411910242556,148,"1980-2020",3.71314285714286,2.34667225928257,0.0052449620600487,455,"2002-2010",NA,NA,NA,NA
"48",48,"SSEO",2005,2357,0.18,1056,2488992,179996.5476,200720630104.474,3.25435443037975,1.31816119385723,0.00329801746298518,395,"2004-2005",3.25435443037975,1.31816119385723,0.00288263691969232,395,"2004-2005",3.84624605678233,1.6961190911632,0.00541756514706748,317,"2002-2017",8100062.14237975,2146890083463.94,0.180890831157289,8100.06214237975
"49",49,"CSEO",2006,NA,1,1661,NA,NA,NA,2.98920436817473,1.33390702223089,0.00212377004822512,641,"2003-2006",2.99388036809816,1.50643269227145,0.00236555758115656,652,"2003-2006",3.20819587628866,1.52965823543515,0.00400559999185004,388,"2002-2008",NA,NA,NA,NA
"50",50,"EYKT",2006,NA,1,739,NA,NA,NA,4.1286170212766,2.48356661560284,0.00638993197713048,376,"2005-2006",4.1286170212766,2.48356661560284,0.00678887015590738,376,"2005-2006",4.30989203778677,2.61110269103111,0.0033583637489783,741,"2002-2011",NA,NA,NA,NA
"51",51,"NSEO",2006,NA,1,442,NA,NA,NA,3.49566125290023,1.89348648033238,0.00418606803524041,431,"1980-2009",3.32074324324324,1.81991168872955,0.0124565958781828,148,"1980-2020",3.71314285714286,2.34667225928257,0.00462154313149957,455,"2002-2010",NA,NA,NA,NA
"52",52,"SSEO",2006,NA,1,1056,NA,NA,NA,3.25435443037975,1.31816119385723,0.00339872432713117,395,"2004-2006",3.25435443037975,1.31816119385723,0.00343824365342686,395,"2004-2006",3.84624605678233,1.6961190911632,0.0054662598161965,317,"2002-2017",NA,NA,NA,NA
"53",53,"CSEO",2007,1050,0.12,1661,1744050,15876,43800629796,2.98920436817473,1.33390702223089,0.00205869882415095,641,"2003-2007",2.99388036809816,1.50643269227145,0.00232819968764259,652,"2003-2007",3.20819587628866,1.52965823543515,0.0039798722155863,388,"2002-2008",5213321.87831513,397725778033.729,0.120969902410713,5213.32187831513
"54",54,"EYKT",2007,NA,1,739,NA,NA,NA,4.1286170212766,2.48356661560284,0.00680081013002591,376,"2005-2007",4.1286170212766,2.48356661560284,0.00666830708365393,376,"2005-2007",4.30989203778677,2.61110269103111,0.00365875706559767,741,"2002-2011",NA,NA,NA,NA
"55",55,"NSEO",2007,NA,1,442,NA,NA,NA,3.49566125290023,1.89348648033238,0.00425471905112298,431,"1980-2009",3.32074324324324,1.81991168872955,0.0129713312386483,148,"1980-2020",3.71314285714286,2.34667225928257,0.00517958934580565,455,"2002-2010",NA,NA,NA,NA
"56",56,"SSEO",2007,NA,1,1056,NA,NA,NA,3.25435443037975,1.31816119385723,0.00344528134550189,395,"2004-2007",3.25435443037975,1.31816119385723,0.00318812030809788,395,"2004-2007",3.84624605678233,1.6961190911632,0.00603200487431774,317,"2002-2017",NA,NA,NA,NA
"57",57,"CSEO",2008,NA,1,1661,NA,NA,NA,3.20819587628866,1.52965823543515,0.00400171414525111,388,"2008-2008",2.99388036809816,1.50643269227145,0.00249349402669611,652,"2003-2008",3.20819587628866,1.52965823543515,0.00392652324185967,388,"2008-2008",NA,NA,NA,NA
"58",58,"EYKT",2008,NA,1,739,NA,NA,NA,3.67866788321168,2.21782838675456,0.00412330328343688,548,"2008-2008",3.67866788321168,2.21782838675456,0.00393946938215188,548,"2008-2008",4.30989203778677,2.61110269103111,0.00361549183233419,741,"2002-2011",NA,NA,NA,NA
"59",59,"NSEO",2008,NA,1,442,NA,NA,NA,3.49566125290023,1.89348648033238,0.00429901315598683,431,"1980-2009",3.32074324324324,1.81991168872955,0.0117034870150967,148,"1980-2020",3.71314285714286,2.34667225928257,0.00480971096974284,455,"2002-2010",NA,NA,NA,NA
"60",60,"SSEO",2008,NA,1,1056,NA,NA,NA,3.40318260869565,1.50221964429632,0.00270508425718088,575,"2004-2008",3.3207476635514,1.4410537470685,0.00265537443335553,535,"2004-2008",3.84624605678233,1.6961190911632,0.00546734241906925,317,"2002-2017",NA,NA,NA,NA
"61",61,"CSEO",2009,NA,1,1661,NA,NA,NA,3.57248658318426,1.56439864453293,0.00277535617710093,559,"2009-2009",2.99388036809816,1.50643269227145,0.00210427607585921,652,"2003-2009",3.57248658318426,1.56439864453293,0.00287072303980018,559,"2009-2009",NA,NA,NA,NA
"62",62,"EYKT",2009,1930,0.17,739,1426270,107649.61,58789712662.81,3.98642335766423,2.2882581166015,0.00413325135900159,548,"2009-2009",3.98642335766423,2.2882581166015,0.00407833443611841,548,"2009-2009",4.30989203778677,2.61110269103111,0.00350394164066121,741,"2002-2011",5685716.04233577,942911946987.194,0.170785266979843,5685.71604233577
"63",63,"NSEO",2009,NA,1,442,NA,NA,NA,3.50568965517241,1.76131969591573,0.00508613772242318,348,"1989-2009",3.32074324324324,1.81991168872955,0.0122756318026893,148,"1980-2020",3.71314285714286,2.34667225928257,0.00529873699392135,455,"2002-2010",NA,NA,NA,NA
"64",64,"SSEO",2009,NA,1,1056,NA,NA,NA,3.63345714285714,1.75330176749898,0.00488778565594166,350,"2008-2009",3.30881024096386,1.44995318264006,0.00216166549154031,664,"2004-2009",3.84624605678233,1.6961190911632,0.00538428580642659,317,"2002-2017",NA,NA,NA,NA
"65",65,"CSEO",2010,NA,1,1661,NA,NA,NA,3.51457731958763,1.47784264122007,0.0031587075731576,485,"2010-2010",2.99388036809816,1.50643269227145,0.00234640972609079,652,"2003-2010",3.51457731958763,1.47784264122007,0.00312603873681908,485,"2010-2010",NA,NA,NA,NA
"66",66,"EYKT",2010,NA,1,739,NA,NA,NA,4.06675742574257,2.41172652348878,0.00300996028301854,808,"2009-2010",3.98642335766423,2.2882581166015,0.00463405999376221,548,"2009-2010",4.30989203778677,2.61110269103111,0.00356467817121067,741,"2002-2011",NA,NA,NA,NA
"67",67,"NSEO",2010,NA,1,442,NA,NA,NA,3.62546478873239,2.45474462799395,0.00671504459422644,355,"2009-2010",3.32074324324324,1.81991168872955,0.0117915566215915,148,"1980-2020",3.62546478873239,2.45474462799395,0.00731842041335444,355,"2009-2010",NA,NA,NA,NA
"68",68,"SSEO",2010,NA,1,1056,NA,NA,NA,3.37733333333333,1.26270901669759,0.00233888832725043,540,"2010-2010",3.30761224489796,1.2198317102792,0.00232168399606437,490,"2010-2010",3.84624605678233,1.6961190911632,0.00530583847665098,317,"2002-2017",NA,NA,NA,NA
"69",69,"CSEO",2011,NA,1,1661,NA,NA,NA,3.21916370106762,1.53975634035562,0.00262961386068855,562,"2011-2011",2.99388036809816,1.50643269227145,0.00248758287192849,652,"2003-2011",3.21916370106762,1.53975634035562,0.00262356202653401,562,"2011-2011",NA,NA,NA,NA
"70",70,"EYKT",2011,NA,1,739,NA,NA,NA,4.3497920997921,2.59674579002079,0.00557306797086245,481,"2011-2011",3.98642335766423,2.2882581166015,0.00401711624059458,548,"2009-2011",4.3497920997921,2.59674579002079,0.00571240036945629,481,"2011-2011",NA,NA,NA,NA
"71",71,"NSEO",2011,NA,1,442,NA,NA,NA,3.71169435215947,2.36379345293466,0.00756144937068612,301,"2010-2011",3.32074324324324,1.81991168872955,0.0134137630656177,148,"1980-2020",3.71169435215947,2.36379345293466,0.00828652451678508,301,"2010-2011",NA,NA,NA,NA
"72",72,"SSEO",2011,NA,1,1056,NA,NA,NA,3.41898605830165,1.40296318381553,0.00176324441897067,789,"2010-2011",3.3755751014885,1.38913418778031,0.00179810610575492,739,"2010-2011",3.84624605678233,1.6961190911632,0.00539862771829637,317,"2002-2017",NA,NA,NA,NA
"73",73,"CSEO",2012,752,0.13,1661,1249072,9557.0176,26367056554.0096,3.40494226327945,1.28192352267418,0.00142019873500914,866,"2012-2012",3.38101724137931,1.35672590643797,0.00242284960740735,580,"2012-2012",3.29818396226415,1.41265950803056,0.00162493420061215,848,"2011-2012",4253018.04267898,307943159111.668,0.130478229577954,4253.01804267898
"74",74,"EYKT",2012,NA,1,739,NA,NA,NA,4.37151138716356,2.55021201385984,0.00260024086446341,966,"2012-2012",4.30592013888889,2.51893445621981,0.00460243857859475,576,"2012-2012",4.48393861892583,2.67518137058168,0.00685052839154262,391,"2012-2012",NA,NA,NA,NA
"75",75,"NSEO",2012,NA,1,442,NA,NA,NA,3.59959493670886,2.21545567307074,0.00573564142781846,395,"2010-2012",3.32074324324324,1.81991168872955,0.0122523777931282,148,"1980-2020",3.59959493670886,2.21545567307074,0.00581092029211779,395,"2010-2012",NA,NA,NA,NA
"76",76,"SSEO",2012,NA,1,1056,NA,NA,NA,3.59721062618596,1.62795285098953,0.00300395707954785,527,"2011-2012",3.68419871794872,1.55272282855141,0.00461693456737371,312,"2012-2012",3.84624605678233,1.6961190911632,0.00540279328305208,317,"2002-2017",NA,NA,NA,NA
"77",77,"CSEO",2013,NA,1,1661,NA,NA,NA,3.18863957597173,1.27304717251947,0.0022409151779478,566,"2013-2013",3.18863957597173,1.27304717251947,0.00228522799154209,566,"2013-2013",3.29818396226415,1.41265950803056,0.00176796255275375,848,"2011-2013",NA,NA,NA,NA
"78",78,"EYKT",2013,NA,1,739,NA,NA,NA,4.06365765765766,2.38911962988259,0.0043397351770402,555,"2013-2013",4.06365765765766,2.38911962988259,0.00437594017307625,555,"2013-2013",4.48393861892583,2.67518137058168,0.0070017934129281,391,"2012-2013",NA,NA,NA,NA
"79",79,"NSEO",2013,NA,1,442,NA,NA,NA,3.59959493670886,2.21545567307074,0.00582592263518189,395,"2010-2013",3.32074324324324,1.81991168872955,0.0129991047375169,148,"1980-2020",3.59959493670886,2.21545567307074,0.00531105735953868,395,"2010-2013",NA,NA,NA,NA
"80",80,"SSEO",2013,986,0.22,1056,1041216,47054.2864,52471928718.9504,3.53490161001789,1.65316231109059,0.00294823627381818,559,"2013-2013",3.53490161001789,1.65316231109059,0.00285307059982688,559,"2013-2013",3.84624605678233,1.6961190911632,0.00542759900790241,317,"2002-2017",3680596.11477639,659015500861.018,0.220561472024847,3680.59611477639
"81",81,"CSEO",2014,NA,1,1661,NA,NA,NA,3.40359840954274,1.46042746390185,0.00295582589462894,503,"2014-2014",3.18863957597173,1.27304717251947,0.00212965899179374,566,"2013-2014",3.40359840954274,1.46042746390185,0.00274002621598948,503,"2014-2014",NA,NA,NA,NA
"82",82,"EYKT",2014,NA,1,739,NA,NA,NA,3.68843137254902,1.29195146358543,0.0021280199755489,561,"2014-2014",3.68843137254902,1.29195146358543,0.00234725191932665,561,"2014-2014",4.48393861892583,2.67518137058168,0.0072714872450377,391,"2012-2014",NA,NA,NA,NA
"83",83,"NSEO",2014,NA,1,442,NA,NA,NA,3.47869942196532,1.4237000427243,0.0043351206425703,346,"2011-2014",3.32074324324324,1.81991168872955,0.0124744010465497,148,"1980-2020",3.47869942196532,1.4237000427243,0.00404807104408027,346,"2011-2014",NA,NA,NA,NA
"84",84,"SSEO",2014,NA,1,1056,NA,NA,NA,3.53490161001789,1.65316231109059,0.00273939976083206,559,"2013-2014",3.53490161001789,1.65316231109059,0.00294408100880634,559,"2013-2014",3.84624605678233,1.6961190911632,0.00519314565994409,317,"2002-2017",NA,NA,NA,NA
"85",85,"CSEO",2015,NA,1,1661,NA,NA,NA,3.47274725274725,1.38374904390763,0.0029929156781948,455,"2015-2015",3.18863957597173,1.27304717251947,0.00217550381809065,566,"2013-2015",3.47274725274725,1.38374904390763,0.00291735996660832,455,"2015-2015",NA,NA,NA,NA
"86",86,"EYKT",2015,1755,0.25,739,1296945,192501.5625,105129145814.062,3.96144578313253,1.89526963024512,0.00327230367874874,581,"2015-2015",3.96144578313253,1.89526963024512,0.00320539163127389,581,"2015-2015",4.48393861892583,2.67518137058168,0.00678443395691333,391,"2012-2015",5137777.30120482,1655645471138.52,0.250442711433108,5137.77730120482
"87",87,"NSEO",2015,NA,1,442,NA,NA,NA,3.94967948717949,1.93241147250392,0.00643751414917547,312,"2015-2015",3.32074324324324,1.81991168872955,0.0129819273505609,148,"1980-2020",3.94967948717949,1.93241147250392,0.00603245822416763,312,"2015-2015",NA,NA,NA,NA
"88",88,"SSEO",2015,NA,1,1056,NA,NA,NA,3.53490161001789,1.65316231109059,0.00280110203563992,559,"2013-2015",3.53490161001789,1.65316231109059,0.00286810643895549,559,"2013-2015",3.84624605678233,1.6961190911632,0.00513355688344058,317,"2002-2017",NA,NA,NA,NA
"89",89,"CSEO",2016,1101,0.14,1661,1828761,23759.1396,65549589184.3716,3.52450805008945,1.47611870916447,0.00277206977427471,559,"2016-2016",3.18863957597173,1.27304717251947,0.00213649251181409,566,"2013-2016",3.52450805008945,1.47611870916447,0.00273610158540682,559,"2016-2016",6445482.86618962,823719813957.28,0.140810259254521,6445.48286618962
"90",90,"EYKT",2016,NA,1,739,NA,NA,NA,3.92699490662139,2.11711017174272,0.00387795613023904,589,"2016-2016",3.92699490662139,2.11711017174272,0.00365680352566125,589,"2016-2016",4.48393861892583,2.67518137058168,0.00707545557647508,391,"2012-2016",NA,NA,NA,NA
"91",91,"NSEO",2016,701,0.2,442,309842,19656.04,3840082598.56,3.764,1.80579233449477,0.0032790534045274,575,"2016-2016",3.32074324324324,1.81991168872955,0.0125386110542564,148,"1980-2020",3.764,1.80579233449477,0.00312877929743732,575,"2016-2016",1166245.288,54732510605.1685,0.200600856448197,1166.245288
"92",92,"SSEO",2016,NA,1,1056,NA,NA,NA,3.48726890756303,1.62567990795196,0.00222299167067149,714,"2013-2016",3.53490161001789,1.65316231109059,0.00297405003845888,559,"2013-2016",3.84624605678233,1.6961190911632,0.00522505569596106,317,"2002-2017",NA,NA,NA,NA
"93",93,"CSEO",2017,NA,1,1661,NA,NA,NA,3.57428571428571,1.2951873243036,0.00199500742805944,560,"2017-2017",3.18863957597173,1.27304717251947,0.00238319231072118,566,"2013-2017",3.57428571428571,1.2951873243036,0.00240665481141218,560,"2017-2017",NA,NA,NA,NA
"94",94,"EYKT",2017,1072,0.21,739,792208,50679.0144,27676874023.1424,3.87418181818182,1.82119013081636,0.0031085178573284,550,"2017-2017",3.87418181818182,1.82119013081636,0.00346176794549922,550,"2017-2017",4.48393861892583,2.67518137058168,0.00681541938111344,391,"2012-2017",3069157.82981818,417447003195.618,0.210514226876457,3069.15782981818
"95",95,"NSEO",2017,NA,1,442,NA,NA,NA,3.70731707317073,1.82679229530682,0.00439946890846825,410,"2017-2017",3.32074324324324,1.81991168872955,0.0128596956908698,148,"1980-2020",3.70731707317073,1.82679229530682,0.00434568010193417,410,"2017-2017",NA,NA,NA,NA
"96",96,"SSEO",2017,NA,1,1056,NA,NA,NA,3.53303355704698,1.67537976365736,0.00221876416525079,745,"2013-2017",3.53490161001789,1.65316231109059,0.00305706323089901,559,"2013-2017",3.84624605678233,1.6961190911632,0.00524733678640876,317,"2008-2017",NA,NA,NA,NA
"97",97,"CSEO",2018,910,0.14,1661,1511510,16230.76,44779384609.96,3.63353658536585,1.42804948373432,0.00202235732431192,738,"2018-2018",3.68532028469751,1.48215934465019,0.00272503231660093,562,"2018-2018",3.54891304347826,1.27915527950311,0.00170341936151357,736,"2017-2018",5492126.88414634,595914734963.29,0.140556683085703,5492.12688414634
"98",98,"EYKT",2018,NA,1,739,NA,NA,NA,3.94696428571429,2.42270990927677,0.00396112183455777,560,"2018-2018",3.87418181818182,1.82119013081636,0.00322315307409889,550,"2017-2018",3.94696428571429,2.42270990927677,0.00420048873248248,560,"2018-2018",NA,NA,NA,NA
"99",99,"NSEO",2018,637,0.59,442,281554,141248.1889,27594811176.2596,3.53915343915344,1.62827726551864,0.00428732400768115,378,"2018-2018",3.32074324324324,1.81991168872955,0.0120502866223418,148,"1980-2020",3.53915343915344,1.62827726551864,0.00433068864327781,378,"2018-2018",996462.807407407,346099937303.768,0.590390916293457,996.462807407407
"100",100,"SSEO",2018,1582,0.2,1056,1670592,100108.96,111635105218.56,3.55398148148148,1.69138081555065,0.00223453169222174,756,"2013-2018",3.53490161001789,1.65316231109059,0.00300922936884581,559,"2013-2018",3.8840243902439,1.70491097188036,0.00531386035193433,328,"2008-2018",5937253.03111111,1416524698912.48,0.200459442322478,5937.25303111111
"101",101,"CSEO",2019,NA,1,1661,NA,NA,NA,3.48973630831643,1.50284403601643,0.0030554203572181,493,"2019-2019",3.68532028469751,1.48215934465019,0.00234455414657195,562,"2018-2019",3.48973630831643,1.50284403601643,0.00315497740192373,493,"2019-2019",NA,NA,NA,NA
"102",102,"EYKT",2019,1397,0.27,739,1032383,142272.2961,77697888618.4281,3.97983827493261,2.51291441375572,0.00335711623067168,742,"2018-2019",3.87418181818182,1.82119013081636,0.00333756677669405,550,"2017-2019",3.97983827493261,2.51291441375572,0.00339530713721528,742,"2018-2019",4108717.37778976,1234504518493.75,0.270420787401383,4108.71737778976
"103",103,"NSEO",2019,NA,1,442,NA,NA,NA,3.52277511961722,1.60975630901977,0.0036863377482723,418,"2018-2019",3.32074324324324,1.81991168872955,0.0118420559068016,148,"1980-2020",3.52277511961722,1.60975630901977,0.00396228226117592,418,"2018-2019",NA,NA,NA,NA
"104",104,"SSEO",2019,NA,1,1056,NA,NA,NA,3.49276672694394,1.56212149802133,0.00274161682638529,553,"2019-2019",3.49276672694394,1.56212149802133,0.00280099156096867,553,"2019-2019",3.8840243902439,1.70491097188036,0.00517013896912603,328,"2008-2019",NA,NA,NA,NA
"105",105,"CSEO",2020,NA,1,1661,NA,NA,NA,3.48013864818024,1.44306178629886,0.0025031373522843,577,"2019-2020",3.68532028469751,1.48215934465019,0.00264223595132188,562,"2018-2020",3.48013864818024,1.44306178629886,0.00254709586830898,577,"2019-2020",NA,NA,NA,NA
"106",106,"EYKT",2020,NA,1,739,NA,NA,NA,3.99289836888331,2.44296608639181,0.00320491799451437,797,"2018-2020",3.87418181818182,1.82119013081636,0.0033121061689789,550,"2017-2020",3.99289836888331,2.44296608639181,0.00317658206197788,797,"2018-2020",NA,NA,NA,NA
"107",107,"NSEO",2020,NA,1,442,NA,NA,NA,3.5803578528827,1.61288274021211,0.00342264881374503,503,"2018-2020",3.32074324324324,1.81991168872955,0.0128040034960271,148,"1980-2020",3.5803578528827,1.61288274021211,0.00313588200721066,503,"2018-2020",NA,NA,NA,NA
"108",108,"SSEO",2020,1949,0.15,1056,2058144,85468.5225,95309026306.56,3.49276672694394,1.56212149802133,0.00262479595979081,553,"2019-2020",3.49276672694394,1.56212149802133,0.00281328740605528,553,"2019-2020",3.8840243902439,1.70491097188036,0.0053080884515455,328,"2008-2020",7188616.88245931,1174083474206.65,0.150731544447885,7188.61688245931
"109",109,"CSEO",2021,NA,1,1661,NA,NA,NA,3.48472074468085,1.38448540793127,0.00170165971522606,752,"2019-2021",3.68532028469751,1.48215934465019,0.00265374749947038,562,"2018-2021",3.48472074468085,1.38448540793127,0.00185367738444912,752,"2019-2021",NA,NA,NA,NA
"110",110,"EYKT",2021,NA,1,739,NA,NA,NA,4.26312312312312,2.33749081913239,0.0070307443279792,333,"2021-2021",3.87418181818182,1.82119013081636,0.00340749207402444,550,"2017-2021",4.26312312312312,2.33749081913239,0.00668649112682198,333,"2021-2021",NA,NA,NA,NA
"111",111,"NSEO",2021,NA,1,442,NA,NA,NA,3.56358657243816,1.60514870665124,0.00283883835471745,566,"2018-2021",3.32074324324324,1.81991168872955,0.0120126838119164,148,"1980-2021",3.56358657243816,1.60514870665124,0.00268537195088682,566,"2018-2021",NA,NA,NA,NA
"112",112,"SSEO",2021,NA,1,1056,NA,NA,NA,3.54646076794658,1.57184966024757,0.0026901748526367,599,"2019-2021",3.49276672694394,1.56212149802133,0.00286640372116441,553,"2019-2021",3.85197604790419,1.68915163906421,0.00532942819491208,334,"2009-2021",NA,NA,NA,NA
"113",113,"CSEO",2022,1178,0.163,1661,1685915,36869.376196,101719696244.045,3.48472074468085,1.38448540793127,0.00183745971187915,752,"2019-2022",3.68532028469751,1.48215934465019,0.00260405350763689,562,"2018-2022",3.48472074468085,1.38448540793127,0.00198528429198052,752,"2019-2022",5874942.97426862,1240620152388.83,0.189590145688262,5874.94297426862
"114",114,"EYKT",2022,NA,1,739,NA,NA,NA,4.38570731707317,2.32393213906613,0.00567506527543367,410,"2021-2022",3.87418181818182,1.82119013081636,0.00311772297467716,550,"2017-2022",4.38570731707317,2.32393213906613,0.00566001235022947,410,"2021-2022",NA,NA,NA,NA
"115",115,"NSEO",2022,1033,0.267069211,442,310870,76111.1510270097,14869378909.2407,3.54333870967742,1.66705264761061,0.00291177383285054,620,"2018-2022",3.32074324324324,1.81991168872955,0.011773113166449,148,"1980-2022",3.54333870967742,1.66705264761061,0.00286721698503915,620,"2018-2022",1101517.70467742,187013448374.199,0.392595156377841,1101.51770467742
"116",116,"SSEO",2022,NA,1,1056,NA,NA,NA,3.62046920821114,1.71636071931479,0.00245301041786965,682,"2019-2022",3.49276672694394,1.56212149802133,0.00291167403796447,553,"2019-2022",3.83963855421687,1.9361533432825,0.00541313123126029,332,"2016-2022",NA,NA,NA,NA
"117",117,"CSEO",2023,NA,1,1661,NA,NA,NA,3.52427215189873,1.34761946855535,0.00392041469713484,316,"2020-2023",3.68532028469751,1.48215934465019,0.00264867084812552,562,"2018-2023",3.52427215189873,1.34761946855535,0.00437886118401289,316,"2020-2023",NA,NA,NA,NA
"118",118,"EYKT",2023,1741,0.21,739,1286654,133670.6721,73000361117.9241,4.47779467680608,2.52400160347637,0.00483374985784119,526,"2021-2023",3.87418181818182,1.82119013081636,0.00357322447998412,550,"2017-2023",4.47779467680608,2.52400160347637,0.00474923218011886,526,"2021-2023",5761372.43209125,1472059372409.74,0.210589499851323,5761.37243209126
"119",119,"NSEO",2023,NA,1,442,NA,NA,NA,3.65586092715232,1.74397317660778,0.00565410679129526,302,"2019-2023",3.32074324324324,1.81991168872955,0.0122835020294171,148,"1980-2023",3.65586092715232,1.74397317660778,0.00527615498472794,302,"2019-2023",NA,NA,NA,NA
"120",120,"SSEO",2023,NA,1,1056,NA,NA,NA,3.62046920821114,1.71636071931479,0.00256359074174642,682,"2019-2023",3.49276672694394,1.56212149802133,0.00293224817933244,553,"2019-2023",3.83963855421687,1.9361533432825,0.00574956202689753,332,"2016-2023",NA,NA,NA,NA
"121",121,"CSEO",2024,NA,1,1661,NA,NA,NA,3.63150851581509,1.53884698712243,0.00389041219413718,411,"2024-2024",3.68532028469751,1.48215934465019,0.00264445461861572,562,"2018-2024",3.63150851581509,1.53884698712243,0.00350310776604773,411,"2024-2024",NA,NA,NA,NA
"122",122,"EYKT",2024,NA,1,739,NA,NA,NA,4.50470031545741,2.50174207762648,0.00788640338261816,317,"2022-2024",3.87418181818182,1.82119013081636,0.00331252046489465,550,"2017-2024",4.50470031545741,2.50174207762648,0.00801474125589531,317,"2022-2024",NA,NA,NA,NA
"123",123,"NSEO",2024,NA,1,442,NA,NA,NA,3.61981366459627,1.89728407732049,0.00589638117143416,322,"2020-2024",3.32074324324324,1.81991168872955,0.0122007755928637,148,"1980-2024",3.61981366459627,1.89728407732049,0.00562619146714227,322,"2020-2024",NA,NA,NA,NA
"124",124,"SSEO",2024,NA,1,1056,NA,NA,NA,3.62046920821114,1.71636071931479,0.00250532533859183,682,"2019-2024",3.49276672694394,1.56212149802133,0.0028962628622429,553,"2019-2024",3.83963855421687,1.9361533432825,0.00574842530859717,332,"2016-2024",NA,NA,NA,NA
