"","model","iter","harv_hist","Hmax","runtime","iterations","param_not_conv","div_trans","over_max_treedepth","r_e_1","K_e_1","Bterm_e_1","q_e_1","pe_e1","rbias_1","r_wi_bnds_1","Kbias_1","K_wi_bnds_1","pebias_1","pe_wi_bnds_1","abspebias_1","abspe_wi_bnds_1","SSbias_1","SS_wi_bnds_1","qbias_1","q_wi_bnds_1","MSYbias_1","MSYS_wi_bnds_1","Bmsybias_1","Bmsy_wi_bnds_1","Fmsybias_1","Fmsy_wi_bnds_1","r_e_2","K_e_2","Bterm_e_2","q_e_2","pe_e2","rbias_2","r_wi_bnds_2","Kbias_2","K_wi_bnds_2","pebias_2","pe_wi_bnds_2","abspebias_2","abspe_wi_bnds_2","SSbias_2","SS_wi_bnds_2","qbias_2","q_wi_bnds_2","MSYbias_2","MSYS_wi_bnds_2","Bmsybias_2","Bmsy_wi_bnds_2","Fmsybias_2","Fmsy_wi_bnds_2","r_e_3","K_e_3","Bterm_e_3","q_e_3","pe_e3","rbias_3","r_wi_bnds_3","Kbias_3","K_wi_bnds_3","pebias_3","pe_wi_bnds_3","abspebias_3","abspe_wi_bnds_3","SSbias_3","SS_wi_bnds_3","qbias_3","q_wi_bnds_3","MSYbias_3","MSYS_wi_bnds_3","Bmsybias_3","Bmsy_wi_bnds_3","Fmsybias_3","Fmsy_wi_bnds_3"
"1","fit_nope_B_I",1,"Harv4",3,24.0628859996796,2000,0,0,0,0.0523335769592128,192388.030483637,141852.539148992,1.58222216205229e-05,NA,0.019198430767936,"TRUE",0.19648113867392,"FALSE",NA,NA,NA,NA,-0.0323829891401706,"FALSE",-0.121552513580511,"FALSE",0.219748150247252,"FALSE",0.19648113867392,"FALSE",0.0191984307679359,"TRUE",0.0523335769592128,136403.219691406,94575.6951539548,4.20890293129855e-05,NA,0.0542017255447583,"FALSE",-0.0695579142397065,"FALSE",NA,NA,NA,NA,-0.00791800263058057,"TRUE",0.0941959488460198,"FALSE",-0.0188252827191435,"TRUE",-0.0695579142397064,"FALSE",0.0542017255447582,"FALSE",0.0523335769592128,156439.772524834,104072.580887863,3.70069886199646e-05,NA,0.0303288953539747,"TRUE",-0.18224827027828,"FALSE",NA,NA,NA,NA,0.241075432925842,"FALSE",0.121289727281288,"FALSE",-0.157569446222785,"FALSE",-0.18224827027828,"FALSE",0.0303288953539749,"TRUE"
"2","fit_nope_B_I",2,"Harv4",3,23.49742603302,2000,0,0,0,0.054667119705809,163226.409502516,113177.424808525,5.41642355689013e-05,NA,0.097844153337894,"FALSE",-0.0327374217237842,"FALSE",NA,NA,NA,NA,-0.3560638181747,"FALSE",0.156459312763424,"FALSE",0.0612358840093293,"FALSE",-0.0327374217237843,"FALSE",0.0978441533378941,"FALSE",0.054667119705809,116525.59774235,79304.5018983279,1.66414261120556e-05,NA,0.127132675092778,"FALSE",-0.309422114865509,"FALSE",NA,NA,NA,NA,0.107562970333955,"FALSE",0.252730835302783,"FALSE",-0.2218744658451,"FALSE",-0.309422114865509,"FALSE",0.127132675092778,"FALSE",0.054667119705809,152046.069274028,108196.359930959,1.37610500556668e-05,NA,0.124452068342203,"FALSE",-0.0503524224255781,"FALSE",NA,NA,NA,NA,0.193363882964682,"FALSE",0.0371603520444813,"FALSE",0.0686371649397407,"FALSE",-0.0503524224255781,"FALSE",0.124452068342203,"FALSE"
"3","fit_nope_B_I",3,"Harv4",3,22.0187380313873,2000,0,0,0,0.0532398377439003,128823.061749763,92801.8132417696,8.72037951480338e-05,NA,0.0455488637536936,"TRUE",-0.068940796156743,"FALSE",NA,NA,NA,NA,0.19408994344759,"FALSE",-0.0536874194790136,"FALSE",-0.0270339971837051,"TRUE",-0.068940796156743,"FALSE",0.0455488637536935,"TRUE",0.0532398377439003,131356.764167473,85878.1966989941,0.000118024059251568,NA,0.0710804862316692,"FALSE",-0.269071746115941,"FALSE",NA,NA,NA,NA,0.263398023438979,"FALSE",0.245237312005166,"FALSE",-0.217395822756709,"FALSE",-0.269071746115941,"FALSE",0.0710804862316691,"FALSE",0.0532398377439003,135885.958732068,97109.6133888238,4.91713976638937e-05,NA,0.0551067926885055,"FALSE",0.351100013010891,"FALSE",NA,NA,NA,NA,-0.243598673212695,"FALSE",-0.0113814097274201,"FALSE",0.425916539977771,"FALSE",0.351100013010891,"FALSE",0.0551067926885055,"FALSE"
"4","fit_nope_B_I",4,"Harv4",3,21.8887090682983,2000,0,0,0,0.0327742834784917,263522.875100838,181171.470848945,7.14068493118139e-05,NA,-0.352528041605308,"FALSE",0.466833624112003,"FALSE",NA,NA,NA,NA,-0.139473333255192,"FALSE",-0.275185082094402,"FALSE",-0.0491666530753876,"FALSE",0.466833624112003,"FALSE",-0.352528041605308,"FALSE",0.0327742834784917,138782.701818636,72754.1976680004,4.28401164520548e-05,NA,-0.33456375537049,"FALSE",0.0290830628345916,"FALSE",NA,NA,NA,NA,0.0112634025772696,"TRUE",0.16184655963809,"FALSE",-0.314720675332077,"FALSE",0.0290830628345917,"FALSE",-0.33456375537049,"FALSE",0.0327742834784917,123003.0701587,66318.4449638228,5.93699672844261e-05,NA,-0.364231453885495,"FALSE",-0.158584765785605,"FALSE",NA,NA,NA,NA,-0.0108794274295918,"TRUE",0.0582987369730717,"FALSE",-0.465255710371778,"FALSE",-0.158584765785605,"FALSE",-0.364231453885495,"FALSE"
"5","fit_nope_B_I",5,"Harv4",3,23.6846108436584,2000,0,0,0,0.0399705357021161,140525.300356113,93045.9996326144,7.36914267279754e-05,NA,-0.207620912897728,"FALSE",0.182130617233378,"FALSE",NA,NA,NA,NA,-0.0239160736654132,"FALSE",-0.112426844177346,"FALSE",-0.0632677679842141,"FALSE",0.182130617233379,"FALSE",-0.207620912897728,"FALSE",0.0399705357021161,205019.815308133,122036.917518097,4.08952533493481e-05,NA,-0.232568812081354,"FALSE",0.0907763588342594,"FALSE",NA,NA,NA,NA,0.215745205320252,"FALSE",0.0154706803459501,"FALSE",-0.163033284187731,"FALSE",0.0907763588342595,"FALSE",-0.232568812081354,"FALSE",0.0399705357021161,127475.48660884,83231.9007397838,6.80041984361729e-05,NA,-0.190905915159036,"FALSE",-0.0321184522744368,"TRUE",NA,NA,NA,NA,-0.0193887914480674,"TRUE",-0.0735676017522234,"FALSE",-0.216301503112839,"FALSE",-0.0321184522744368,"TRUE",-0.190905915159036,"FALSE"
"6","fit_nope_B_I",6,"Harv4",3,32.5308399200439,2000,0,256,0,0.0561692108622983,165363.809984235,119418.098012619,2.92014284285485e-05,NA,0.158555983856495,"FALSE",0.0184271797679298,"TRUE",NA,NA,NA,NA,0.0577170942422795,"FALSE",0.0477001672439828,"FALSE",0.178924459441326,"FALSE",0.0184271797679298,"TRUE",0.158555983856495,"FALSE",0.0561692108622983,197971.253543522,145716.815676114,1.06350088271201e-05,NA,0.0912765749739601,"FALSE",0.105893275206692,"FALSE",NA,NA,NA,NA,0.142604728547417,"FALSE",-0.0745383938318702,"FALSE",0.208107853981155,"FALSE",0.105893275206692,"FALSE",0.0912765749739601,"FALSE",0.0561692108622983,167644.954960856,126976.288744982,2.55731729794317e-05,NA,0.129091840933062,"FALSE",0.0336256218904547,"TRUE",NA,NA,NA,NA,0.0397809811324431,"FALSE",-0.125139854135449,"FALSE",0.167669942577378,"FALSE",0.0336256218904548,"TRUE",0.129091840933062,"FALSE"
"7","fit_nope_B_I",7,"Harv4",3,26.6091709136963,2000,0,0,0,0.0675873623603569,116803.290345025,88942.4538781218,4.05828331578507e-05,NA,0.302939695232473,"FALSE",0.000148515973442981,"TRUE",NA,NA,NA,NA,0.057837171432139,"FALSE",0.0405408749840789,"FALSE",0.302630650085584,"FALSE",0.000148515973443075,"TRUE",0.302939695232473,"FALSE",0.0675873623603569,158560.614288571,122927.15317169,4.7366736831689e-05,NA,0.335353347077648,"FALSE",-0.0380908203644279,"TRUE",NA,NA,NA,NA,-0.0811154812508216,"FALSE",-0.0115634164434362,"FALSE",0.284891078411706,"FALSE",-0.0380908203644278,"TRUE",0.335353347077648,"FALSE",0.0675873623603569,185321.190884851,148680.422899376,8.46109797644997e-05,NA,0.34009795622874,"FALSE",0.183606252125488,"FALSE",NA,NA,NA,NA,0.12750058272103,"FALSE",-0.114502623707367,"FALSE",0.586117885959878,"FALSE",0.183606252125488,"FALSE",0.34009795622874,"FALSE"
"8","fit_nope_B_I",8,"Harv4",3,31.0149779319763,2000,0,0,0,0.0574642138791153,138145.012714504,100106.591416824,8.60940584332901e-05,NA,0.140300485148867,"FALSE",-0.083659730711869,"FALSE",NA,NA,NA,NA,0.156658655460562,"FALSE",0.0287464858387134,"FALSE",0.0446149966891791,"TRUE",-0.0836597307118689,"FALSE",0.140300485148867,"FALSE",0.0574642138791153,214807.254788179,166885.526585115,5.22311893763257e-05,NA,0.152753781830151,"FALSE",0.103835445406298,"FALSE",NA,NA,NA,NA,-0.0158254126105572,"TRUE",-0.206509683114584,"FALSE",0.272964649133577,"FALSE",0.103835445406298,"FALSE",0.152753781830151,"FALSE",0.0574642138791153,132340.707302902,99761.8493096673,6.04423220394264e-05,NA,0.141617830443766,"FALSE",0.0691124872804382,"FALSE",NA,NA,NA,NA,0.176981139485479,"FALSE",-0.12639030018161,"FALSE",0.221289508573847,"FALSE",0.0691124872804382,"FALSE",0.141617830443766,"FALSE"
"9","fit_nope_B_I",9,"Harv4",3,1629.14383196831,7000,0,0,0,0.0418061585811999,123534.647273707,76949.4323226478,5.92202865930428e-05,NA,-0.14893045979883,"FALSE",-0.10343240302462,"FALSE",NA,NA,NA,NA,-0.0141404510828957,"TRUE",0.105021582381171,"FALSE",-0.236961113304836,"FALSE",-0.10343240302462,"FALSE",-0.14893045979883,"FALSE",0.0418061585811999,204619.889558021,141636.668104904,1.87799825333193e-05,NA,-0.129089642335061,"FALSE",0.263859303489156,"FALSE",NA,NA,NA,NA,-0.11055717123438,"FALSE",-0.14520502247428,"FALSE",0.100654373732962,"FALSE",0.263859303489156,"FALSE",-0.129089642335061,"FALSE",0.0418061585811999,107820.625867017,62441.2319692316,0.000101226806923323,NA,-0.174889836726011,"FALSE",-0.140772828006636,"FALSE",NA,NA,NA,NA,-0.14989900886195,"FALSE",0.223303227078136,"FALSE",-0.291073070771183,"FALSE",-0.140772828006636,"FALSE",-0.174889836726011,"FALSE"
"10","fit_nope_B_I",10,"Harv4",3,29.4651420116425,2000,0,0,0,0.0457801697522785,112664.524150652,74743.124023665,3.70348382542217e-05,NA,-0.0957043913487473,"FALSE",-0.0643840564814099,"FALSE",NA,NA,NA,NA,0.0540862599379897,"FALSE",0.0355110385785894,"FALSE",-0.154401060124953,"FALSE",-0.0643840564814098,"FALSE",-0.0957043913487472,"FALSE",0.0457801697522785,138696.181380404,93042.3411429472,6.01070477307602e-05,NA,-0.0778862609107171,"FALSE",-0.00614196011916181,"TRUE",NA,NA,NA,NA,-0.0653068371095693,"FALSE",0.00349281765954955,"FALSE",-0.0832790687450697,"FALSE",-0.00614196011916168,"TRUE",-0.0778862609107173,"FALSE",0.0457801697522785,170269.228923271,101121.587928196,2.0328868755055e-05,NA,-0.102323073672262,"FALSE",-0.099476378684441,"FALSE",NA,NA,NA,NA,0.00733765179101653,"TRUE",0.221673017722616,"FALSE",-0.19182224068207,"FALSE",-0.0994763786844408,"FALSE",-0.102323073672262,"FALSE"
"11","fit_nope_B_I",11,"Harv4",3,26.8500921726227,2000,0,0,0,0.0514980320301277,143017.095790449,99402.5680575946,2.15157431821565e-05,NA,0.00739177098467877,"TRUE",-0.197283780680646,"FALSE",NA,NA,NA,NA,0.0336975032466698,"FALSE",-0.00234859754775886,"FALSE",-0.191682732074583,"FALSE",-0.197283780680646,"FALSE",0.00739177098467858,"TRUE",0.0514980320301277,154275.612460496,107641.043760389,5.91469581273371e-05,NA,0.0670910792182656,"FALSE",-0.0466831906570718,"FALSE",NA,NA,NA,NA,-0.0610127511563274,"FALSE",0.061732579772456,"FALSE",0.0164768589870996,"TRUE",-0.0466831906570718,"FALSE",0.0670910792182655,"FALSE",0.0514980320301277,127969.556445016,94329.3646469222,7.95935173328075e-05,NA,0.0630382111261481,"FALSE",0.166865919360115,"FALSE",NA,NA,NA,NA,-0.0258081090643653,"FALSE",-0.121175665196186,"FALSE",0.240195595074844,"FALSE",0.166865919360115,"FALSE",0.0630382111261481,"FALSE"
"12","fit_nope_B_I",12,"Harv4",3,29.491131067276,2000,0,0,0,0.0493212744145463,140243.239856377,79243.0793079309,0.00012884635642622,NA,-0.00965146113903803,"TRUE",-0.274739185846635,"FALSE",NA,NA,NA,NA,-0.0589377561536125,"FALSE",0.447429481678384,"FALSE",-0.28140054798349,"FALSE",-0.274739185846635,"FALSE",-0.00965146113903819,"TRUE",0.0493212744145463,119652.748592615,84364.7336011816,5.20868346181732e-05,NA,-0.00892317117190755,"TRUE",0.0210826161183411,"TRUE",NA,NA,NA,NA,0.0243946917692377,"FALSE",-0.0677099162815325,"FALSE",0.0130545120567876,"TRUE",0.0210826161183411,"TRUE",-0.00892317117190774,"TRUE",0.0493212744145463,102232.9791196,71132.2242537623,1.62469469897516e-05,NA,-0.033381660445743,"TRUE",-0.264230758105834,"FALSE",NA,NA,NA,NA,0.159909436774624,"FALSE",0.00138981172385627,"FALSE",-0.288168622014596,"FALSE",-0.264230758105834,"FALSE",-0.0333816604457431,"TRUE"
"13","fit_nope_B_I",13,"Harv4",3,24.1952109336853,2000,0,0,0,0.0355747394301996,133269.115821534,86561.1958553005,5.92371255964249e-05,NA,-0.259640983692489,"FALSE",0.281222079702013,"FALSE",NA,NA,NA,NA,-0.0370121515417699,"FALSE",-0.146451092302753,"FALSE",-0.0513919521665818,"FALSE",0.281222079702013,"FALSE",-0.259640983692488,"FALSE",0.0355747394301996,122952.541062797,73613.7170482204,2.58803704880552e-05,NA,-0.278130426243326,"FALSE",-0.0657079694651138,"FALSE",NA,NA,NA,NA,0.0207802075650895,"TRUE",0.0429190191281535,"FALSE",-0.32578965857424,"FALSE",-0.0657079694651138,"FALSE",-0.278130426243326,"FALSE",0.0355747394301996,115510.039993566,60823.2947993553,1.74730687819281e-05,NA,-0.308249321565634,"FALSE",-0.0903764608026214,"FALSE",NA,NA,NA,NA,0.00374605811740824,"TRUE",0.189753612730748,"FALSE",-0.371218364377433,"FALSE",-0.0903764608026213,"FALSE",-0.308249321565634,"FALSE"
"14","fit_nope_B_I",14,"Harv4",3,25.9374189376831,2000,0,0,0,0.0454327009826632,159005.071625844,106038.11830939,4.46518052234801e-05,NA,-0.0794822109480656,"FALSE",-0.142780597640871,"FALSE",NA,NA,NA,NA,0.250111730845758,"FALSE",-0.0253364168741858,"FALSE",-0.211026717594507,"FALSE",-0.142780597640871,"FALSE",-0.0794822109480655,"FALSE",0.0454327009826632,172160.389396233,112178.067569911,5.0654807493312e-05,NA,-0.0702658852691133,"FALSE",-0.0244734802562698,"TRUE",NA,NA,NA,NA,0.0589983043872994,"FALSE",0.087879194204614,"FALSE",-0.0936333687218175,"FALSE",-0.0244734802562698,"TRUE",-0.0702658852691134,"FALSE",0.0454327009826632,199774.517778916,142153.903196163,1.47107427775806e-05,NA,-0.0740723107979927,"FALSE",0.202198137307037,"FALSE",NA,NA,NA,NA,-0.196901465625352,"FALSE",-0.111304878088367,"FALSE",0.112896730610793,"FALSE",0.202198137307037,"FALSE",-0.0740723107979927,"FALSE"
"15","fit_nope_B_I",15,"Harv4",3,25.5678281784058,2000,0,0,0,0.0549196445010544,184244.618529125,136459.748826348,3.83711430947519e-05,NA,0.092267826597359,"FALSE",0.0785482281925149,"FALSE",NA,NA,NA,NA,0.00934331168901908,"TRUE",-0.0880954188159546,"FALSE",0.178087974384565,"FALSE",0.078548228192515,"FALSE",0.0922678265973589,"FALSE",0.0549196445010544,108853.299842647,70532.259430972,8.19725249434254e-05,NA,0.0655671827809487,"FALSE",-0.0882792859317743,"FALSE",NA,NA,NA,NA,-0.105756941055646,"FALSE",0.266568472742038,"FALSE",-0.0289655508718998,"TRUE",-0.0882792859317743,"FALSE",0.0655671827809483,"FALSE",0.0549196445010544,136722.458509665,99994.0035047826,9.04049216194561e-05,NA,0.0908802383873157,"FALSE",0.0266701347018686,"TRUE",NA,NA,NA,NA,0.180744289810902,"FALSE",-0.0648248807414046,"FALSE",0.119213716084941,"FALSE",0.0266701347018686,"TRUE",0.0908802383873154,"FALSE"
"16","fit_nope_B_I",16,"Harv4",3,30.4898629188538,2000,0,0,0,0.0512501234233585,160815.481054788,107989.180669076,4.7109129694318e-05,NA,0.0191853130095616,"TRUE",-0.18482716411219,"FALSE",NA,NA,NA,NA,0.0889662033277953,"FALSE",0.117505553838851,"FALSE",-0.170242092650154,"FALSE",-0.18482716411219,"FALSE",0.0191853130095616,"TRUE",0.0512501234233585,136053.767125711,98042.1936729483,6.38975817129e-05,NA,-0.0040382096417115,"TRUE",0.128328311049497,"FALSE",NA,NA,NA,NA,-0.198329935375096,"FALSE",-0.0956434900905293,"FALSE",0.124499281383867,"FALSE",0.128328311049497,"FALSE",-0.00403820964171155,"TRUE",0.0512501234233585,106417.630647789,72794.1412236887,7.16550983514444e-05,NA,-0.0146446097145652,"TRUE",0.0094283021247557,"TRUE",NA,NA,NA,NA,0.0648659705776588,"FALSE",0.0192448160739505,"FALSE",-0.0048740777870297,"TRUE",0.00942830212475574,"TRUE",-0.0146446097145652,"TRUE"
"17","fit_nope_B_I",17,"Harv4",3,25.7232098579407,2000,0,0,0,0.0528111413102243,197275.960479651,144186.735329065,3.09384065644677e-05,NA,0.0366504062428449,"TRUE",0.157334934551908,"FALSE",NA,NA,NA,NA,-0.107186617673887,"FALSE",-0.108399367376535,"FALSE",0.200264777402845,"FALSE",0.157334934551909,"FALSE",0.0366504062428448,"TRUE",0.0528111413102243,139730.005663108,88764.9606905981,8.25352891694247e-05,NA,0.0739763669953688,"FALSE",-0.221799076068801,"FALSE",NA,NA,NA,NA,0.115818334525353,"FALSE",0.304960609781452,"FALSE",-0.164617808509148,"FALSE",-0.221799076068801,"FALSE",0.0739763669953683,"FALSE",0.0528111413102243,168214.184913102,120575.528924469,7.49105995043527e-05,NA,-0.00499946678823637,"TRUE",0.0848782190706202,"FALSE",NA,NA,NA,NA,0.00477476152877607,"TRUE",-0.0682590247983911,"FALSE",0.0792285574082122,"FALSE",0.0848782190706202,"FALSE",-0.00499946678823677,"TRUE"
"18","fit_nope_B_I",18,"Harv4",3,89.9872889518738,2000,0,0,0,0.0543291607293026,101098.892602619,72170.9014868162,6.82970546240007e-05,NA,0.0973141883877379,"FALSE",0.00339842824950754,"TRUE",NA,NA,NA,NA,-0.00758497174368031,"TRUE",0.0230469420691694,"FALSE",0.100417842999412,"FALSE",0.00339842824950761,"TRUE",0.0973141883877379,"FALSE",0.0543291607293026,124779.42826234,84602.5476883943,1.18803232704053e-05,NA,0.0933830617097135,"FALSE",-0.229217068209817,"FALSE",NA,NA,NA,NA,0.124178204211195,"FALSE",0.147946216221074,"FALSE",-0.157938712168361,"FALSE",-0.229217068209816,"FALSE",0.0933830617097134,"FALSE",0.0543291607293026,98826.9485308734,66973.8963956141,4.68868441390264e-05,NA,0.0709071267164407,"FALSE",-0.171031641810555,"FALSE",NA,NA,NA,NA,-0.0552389485247582,"FALSE",0.147664009635823,"FALSE",-0.112797585528257,"FALSE",-0.171031641810555,"FALSE",0.0709071267164406,"FALSE"
"19","fit_nope_B_I",19,"Harv4",3,31.9675951004028,2000,0,0,0,0.0701952672042913,204585.275942582,166607.121919557,6.65014215410471e-05,NA,0.432687278702293,"FALSE",0.139076061577886,"FALSE",NA,NA,NA,NA,0.0682992812705575,"FALSE",-0.112891962225647,"FALSE",0.631370250534203,"FALSE",0.139076061577886,"FALSE",0.432687278702293,"FALSE",0.0701952672042913,108237.457352434,83363.0882848051,1.76070896572867e-05,NA,0.391822612673163,"FALSE",-0.267991797692653,"FALSE",NA,NA,NA,NA,0.0122058879262886,"TRUE",0.160698120049731,"FALSE",0.0183359684421442,"TRUE",-0.267991797692653,"FALSE",0.391822612673163,"FALSE",0.0701952672042913,139472.605002826,103651.057870941,5.83784381785314e-05,NA,0.358642122168658,"FALSE",-0.223238524746402,"FALSE",NA,NA,NA,NA,-0.0818611448226979,"FALSE",0.249032465386735,"FALSE",0.0546816076699281,"FALSE",-0.223238524746401,"FALSE",0.358642122168658,"FALSE"
"20","fit_nope_B_I",20,"Harv4",3,25.5575270652771,2000,0,0,0,0.0356366486140804,164153.766473572,90777.874938906,8.50628377205944e-05,NA,-0.293659618837518,"FALSE",-0.149928329392288,"FALSE",NA,NA,NA,NA,-0.0765691042995818,"FALSE",0.132999287800047,"FALSE",-0.400021575945128,"FALSE",-0.149928329392288,"FALSE",-0.293659618837518,"FALSE",0.0356366486140804,227750.550384511,152356.540878224,7.22494819352654e-05,NA,-0.285037971217443,"FALSE",0.406939272630443,"FALSE",NA,NA,NA,NA,-0.208930443323668,"FALSE",-0.206578250399511,"FALSE",0.00620515952316409,"TRUE",0.406939272630443,"FALSE",-0.285037971217443,"FALSE",0.0356366486140804,122898.644938862,75387.7016310735,7.18997301775725e-05,NA,-0.283611575930191,"FALSE",0.107530212007371,"FALSE",NA,NA,NA,NA,0.150025664033918,"FALSE",-0.0537849760116758,"FALSE",-0.207249426481756,"FALSE",0.107530212007371,"FALSE",-0.283611575930191,"FALSE"
"21","fit_nope_B_I",21,"Harv4",3,27.6465630531311,2000,0,0,0,0.0550094814474688,165681.050683809,103841.706755011,1.46093992314314e-05,NA,0.0861584959286019,"FALSE",-0.151124379662869,"FALSE",NA,NA,NA,NA,-0.174890774025051,"FALSE",0.323110446988546,"FALSE",-0.0780813345662195,"FALSE",-0.151124379662869,"FALSE",0.086158495928602,"FALSE",0.0550094814474688,173749.174103296,130745.150452258,5.4008344015995e-05,NA,0.0814526048088039,"FALSE",0.141622770164999,"FALSE",NA,NA,NA,NA,-0.0438242537066193,"FALSE",-0.164136804948061,"FALSE",0.234323455290198,"FALSE",0.141622770164999,"FALSE",0.0814526048088038,"FALSE",0.0550094814474688,202946.614408515,156909.135501107,4.45159668262986e-05,NA,0.12944252697284,"FALSE",0.113396668876932,"FALSE",NA,NA,NA,NA,-0.0738536061633255,"FALSE",-0.174190540382649,"FALSE",0.25671245270754,"FALSE",0.113396668876932,"FALSE",0.12944252697284,"FALSE"
"22","fit_nope_B_I",22,"Harv4",3,25.0852429866791,2000,0,0,0,0.047054026403596,177133.855560228,117254.945068117,4.53133846104291e-05,NA,-0.086244227165215,"FALSE",0.0818213477075154,"FALSE",NA,NA,NA,NA,-0.0294006145008736,"FALSE",-0.00666231826743848,"FALSE",-0.0122473905198663,"TRUE",0.0818213477075155,"FALSE",-0.0862442271652151,"FALSE",0.047054026403596,165991.96555985,106080.451372699,8.5122911507167e-05,NA,-0.0462170833121228,"TRUE",-0.0517813088026905,"FALSE",NA,NA,NA,NA,-0.014584663217637,"TRUE",0.104982202472483,"FALSE",-0.0958887946386872,"FALSE",-0.0517813088026906,"FALSE",-0.0462170833121231,"TRUE",0.047054026403596,206434.642434403,151149.412028876,1.84651716145399e-05,NA,-0.0767864222937977,"FALSE",0.248580390142268,"FALSE",NA,NA,NA,NA,0.0961174735420895,"FALSE",-0.244952953803496,"FALSE",0.151849356281512,"FALSE",0.248580390142268,"FALSE",-0.0767864222937977,"FALSE"
"23","fit_nope_B_I",23,"Harv4",3,21.9234809875488,2000,0,0,0,0.0492496324179973,141772.548239469,89605.8180472725,5.90824113990957e-05,NA,-0.0322099596809373,"TRUE",-0.131879663987852,"FALSE",NA,NA,NA,NA,-0.00915722328467664,"TRUE",0.188815531769034,"FALSE",-0.16020656002366,"FALSE",-0.131879663987851,"FALSE",-0.0322099596809373,"TRUE",0.0492496324179973,134692.108996494,87224.740566294,5.64403408802953e-05,NA,-0.00748125742778578,"TRUE",-0.149762850236926,"FALSE",NA,NA,NA,NA,-0.20451724004175,"FALSE",0.20119864237743,"FALSE",-0.155915587196962,"FALSE",-0.149762850236926,"FALSE",-0.00748125742778582,"TRUE",0.0492496324179973,138965.108339733,91508.6240772312,8.54852150361526e-05,NA,-0.0270784027630481,"TRUE",-0.0372318849068926,"FALSE",NA,NA,NA,NA,-0.0861617542610468,"FALSE",0.0734102312129203,"FALSE",-0.0639098844737121,"FALSE",-0.0372318849068925,"FALSE",-0.0270784027630481,"TRUE"
"24","fit_nope_B_I",24,"Harv4",3,24.1736779212952,2000,0,51,0,0.0349072546162268,153452.241974911,89150.0214500705,1.07222624306079e-05,NA,-0.310077879170423,"FALSE",-0.118509715633803,"FALSE",NA,NA,NA,NA,-0.0696444026311052,"FALSE",0.0166070210206547,"FALSE",-0.392030506053822,"FALSE",-0.118509715633803,"FALSE",-0.310077879170423,"FALSE",0.0349072546162268,128707.098948193,72682.7558508306,3.02689369151976e-05,NA,-0.273799196895827,"FALSE",-0.0231526146424995,"TRUE",NA,NA,NA,NA,-0.100523159941195,"FALSE",0.0974795993404059,"FALSE",-0.290661011159413,"FALSE",-0.0231526146424994,"TRUE",-0.273799196895827,"FALSE",0.0349072546162268,169766.356562169,87207.9278735651,0.000100648148833009,NA,-0.295754380471551,"FALSE",0.0382032030698386,"FALSE",NA,NA,NA,NA,-0.245985993834349,"FALSE",0.319583393658214,"FALSE",-0.268955017034167,"FALSE",0.0382032030698387,"FALSE",-0.295754380471551,"FALSE"
"25","fit_nope_B_I",25,"Harv4",3,39.1868381500244,2000,0,2861,0,0.0510821277910985,211152.866551633,160263.881975731,1.00432891700996e-05,NA,0.00386318309883223,"TRUE",0.387497874875014,"FALSE",NA,NA,NA,NA,-0.0613049730247737,"FALSE",-0.255312072083766,"FALSE",0.392342920480263,"FALSE",0.387497874875014,"FALSE",0.00386318309883222,"TRUE",0.0510821277910985,132179.622043472,87683.8879552994,2.59897290364736e-05,NA,0.0371225574610151,"TRUE",-0.0509831892714619,"FALSE",NA,NA,NA,NA,-0.0528961904119015,"FALSE",0.133743533567304,"FALSE",-0.0172341357495171,"TRUE",-0.0509831892714621,"FALSE",0.037122557461015,"TRUE",0.0510821277910985,99074.9574631169,65579.1987210624,8.20892058167274e-05,NA,0.0430012653444515,"TRUE",-0.0217876506125848,"TRUE",NA,NA,NA,NA,-0.0939497119955966,"FALSE",0.165788645966113,"FALSE",0.0194345088264205,"TRUE",-0.0217876506125847,"TRUE",0.0430012653444516,"TRUE"
"26","fit_nope_B_I",26,"Harv4",8,34.5243518352509,2000,0,0,0,0.0510560298956431,98934.3948804007,32821.8668008398,9.35740983496673e-05,NA,-0.0352407424238169,"FALSE",-0.0581571508949448,"FALSE",NA,NA,NA,NA,-0.117605670889488,"FALSE",0.0388544191432018,"FALSE",-0.0911745469076174,"FALSE",-0.0581571508949447,"FALSE",-0.035240742423817,"FALSE",0.0510560298956431,157506.799276057,73795.9509682746,5.39402666388528e-05,NA,0.0189883847648449,"TRUE",0.150423482317878,"FALSE",NA,NA,NA,NA,0.10715702953114,"FALSE",-0.215183152483197,"FALSE",0.172610750155793,"FALSE",0.150423482317878,"FALSE",0.0189883847648449,"TRUE",0.0510560298956431,135469.383547233,46617.6586248864,7.18463640262136e-05,NA,0.0105575560686348,"TRUE",0.0674428381352752,"FALSE",NA,NA,NA,NA,-0.0350521820050191,"FALSE",-0.00702939727875404,"FALSE",0.0788624463647268,"FALSE",0.0674428381352752,"FALSE",0.010557556068635,"TRUE"
"27","fit_nope_B_I",27,"Harv4",8,38.8601770401001,2000,0,0,0,0.0426077581134416,85568.9924111901,30414.7937197286,5.66146233920569e-05,NA,-0.1536070852897,"FALSE",-0.148560039786053,"FALSE",NA,NA,NA,NA,0.0347177413171314,"FALSE",-0.0825803825740037,"FALSE",-0.279422749596292,"FALSE",-0.148560039786052,"FALSE",-0.153607085289699,"FALSE",0.0426077581134416,208189.445197588,55959.7325993302,1.79669689893107e-05,NA,-0.184773235115134,"FALSE",0.0703709772632762,"FALSE",NA,NA,NA,NA,-0.0439218989232271,"FALSE",0.0541823640593455,"FALSE",-0.127602296988636,"FALSE",0.0703709772632763,"FALSE",-0.184773235115134,"FALSE",0.0426077581134416,197961.568892297,50049.6444930808,8.83569633240358e-05,NA,-0.15718882274418,"FALSE",0.032757183972585,"FALSE",NA,NA,NA,NA,0.0268084063056623,"TRUE",0.0515722973795903,"FALSE",-0.129493326439551,"FALSE",0.032757183972585,"FALSE",-0.15718882274418,"FALSE"
"28","fit_nope_B_I",28,"Harv4",8,71.4869408607483,2000,0,0,0,0.053743520405481,211142.300810053,83237.0926013328,4.79881389760496e-05,NA,0.103934213999205,"FALSE",0.0630450479314113,"FALSE",NA,NA,NA,NA,0.117681918967265,"FALSE",-0.0157042655126248,"FALSE",0.173643452449113,"FALSE",0.0630450479314113,"FALSE",0.103934213999205,"FALSE",0.053743520405481,153838.158372062,55337.7071676213,1.59317287022596e-05,NA,0.0837937737634352,"FALSE",-0.154796392002086,"FALSE",NA,NA,NA,NA,-0.0541499337450748,"FALSE",0.107428277571439,"FALSE",-0.0835716740119768,"FALSE",-0.154796392002086,"FALSE",0.0837937737634353,"FALSE",0.053743520405481,169201.860208706,70315.0858198268,6.73407160137914e-05,NA,0.0666296099282492,"FALSE",-0.0340190937316859,"FALSE",NA,NA,NA,NA,0.0267118533087099,"FALSE",-0.0751209134168605,"FALSE",0.0305475370600432,"FALSE",-0.0340190937316857,"FALSE",0.0666296099282492,"FALSE"
"29","fit_nope_B_I",29,"Harv4",8,1440.19867300987,2000,0,0,679,0.0494000087938898,138850.741315571,46672.4440501387,0.000103524175772477,NA,-0.0199369267059703,"TRUE",0.0111535615617516,"FALSE",NA,NA,NA,NA,-0.256433066484848,"FALSE",0.078646895301568,"FALSE",-0.00910669439893159,"TRUE",0.0111535615617516,"FALSE",-0.0199369267059704,"TRUE",0.0494000087938898,183767.676128626,53135.2454210748,5.88249679574531e-05,NA,-0.0448669963978013,"FALSE",0.0666858427351015,"FALSE",NA,NA,NA,NA,-0.175671164986399,"FALSE",0.142868790900412,"FALSE",0.0189775571243403,"FALSE",0.0666858427351015,"FALSE",-0.0448669963978012,"FALSE",0.0494000087938898,113762.891210119,41426.1750079476,2.69274875068962e-05,NA,0.0252934432873875,"TRUE",0.0134279243687889,"FALSE",NA,NA,NA,NA,0.444457559150164,"FALSE",-0.0320577071741549,"FALSE",0.0392349511587603,"FALSE",0.0134279243687891,"FALSE",0.0252934432873871,"TRUE"
"30","fit_nope_B_I",30,"Harv4",8,856.953739881516,2000,0,0,204,0.048583553351756,182517.608096985,73228.5361794357,1.68596195541453e-05,NA,-0.015435945279863,"TRUE",0.0263704995600756,"FALSE",NA,NA,NA,NA,0.0542204138229789,"FALSE",-0.101523218957715,"FALSE",0.0106987857903996,"TRUE",0.0263704995600755,"FALSE",-0.0154359452798628,"TRUE",0.048583553351756,148231.959076052,45745.5787674617,9.66693299155027e-05,NA,-0.0490927333633605,"FALSE",-0.0250681124182545,"FALSE",NA,NA,NA,NA,-0.0817646211795947,"FALSE",0.131148776599534,"FALSE",-0.0727383316172914,"FALSE",-0.0250681124182546,"FALSE",-0.0490927333633603,"FALSE",0.048583553351756,188204.711408702,63055.0255443695,9.99680178548603e-05,NA,-0.00899648619324376,"TRUE",-0.0199668930727801,"FALSE",NA,NA,NA,NA,0.154666987838319,"FALSE",0.040240996523462,"FALSE",-0.0287317063983304,"FALSE",-0.0199668930727799,"FALSE",-0.00899648619324358,"TRUE"
"31","fit_nope_B_I",31,"Harv4",8,1753.24157905579,7000,0,0,0,0.052168279812677,149871.385816675,64279.2000044104,7.75519549029091e-05,NA,0.0167294992183427,"TRUE",0.00606885807999369,"TRUE",NA,NA,NA,NA,0.294835893060495,"FALSE",-0.134646334696323,"FALSE",0.0228829783452503,"FALSE",0.00606885807999374,"TRUE",0.0167294992183427,"TRUE",0.052168279812677,211623.166965343,96354.366390271,6.45539877587639e-05,NA,0.0662762623438242,"FALSE",0.0739709807670405,"FALSE",NA,NA,NA,NA,-0.0811181277427689,"FALSE",-0.118553999394834,"FALSE",0.145282199864193,"FALSE",0.0739709807670405,"FALSE",0.0662762623438244,"FALSE",0.052168279812677,154060.508375983,49935.9261774825,5.02394073231003e-05,NA,0.0599571892845467,"FALSE",-0.0665363757476837,"FALSE",NA,NA,NA,NA,-0.00241419223729138,"TRUE",0.105203611708333,"FALSE",-0.0105017210812034,"TRUE",-0.0665363757476836,"FALSE",0.0599571892845469,"FALSE"
"32","fit_nope_B_I",32,"Harv4",8,35.5454618930817,2000,0,0,0,0.0553418788932536,134082.649585586,46816.5747462808,9.51200502001588e-05,NA,0.0920366264289471,"FALSE",-0.0959258026439781,"FALSE",NA,NA,NA,NA,0.144031169172862,"FALSE",0.120509801049067,"FALSE",-0.0128656770829685,"TRUE",-0.0959258026439781,"FALSE",0.0920366264289469,"FALSE",0.0553418788932536,123071.495733381,47912.1764043613,3.91684041319254e-05,NA,0.0995274089634706,"FALSE",-0.162373388176163,"FALSE",NA,NA,NA,NA,0.0536932457544116,"FALSE",0.0288047056428227,"FALSE",-0.0791144164060904,"FALSE",-0.162373388176163,"FALSE",0.0995274089634706,"FALSE",0.0553418788932536,171326.975107453,74959.8580536669,5.26233711345368e-05,NA,0.0936549807455394,"FALSE",-0.0716341099126438,"FALSE",NA,NA,NA,NA,0.064366314405778,"FALSE",-0.0611263533352906,"FALSE",0.0154424398584221,"TRUE",-0.0716341099126436,"FALSE",0.0936549807455396,"FALSE"
"33","fit_nope_B_I",33,"Harv4",8,1929.48692917824,7000,0,0,0,0.0333207678468719,144721.363349745,27844.9889731959,2.53638670588226e-05,NA,-0.332175791181135,"FALSE",-0.0784115432205697,"FALSE",NA,NA,NA,NA,-0.00390359022424078,"TRUE",0.0739176335800758,"FALSE",-0.384506136312262,"FALSE",-0.0784115432205696,"FALSE",-0.332175791181135,"FALSE",0.0333207678468719,228577.312090997,70258.1001933979,3.02820754650455e-05,NA,-0.339240474523604,"FALSE",0.241670686582861,"FALSE",NA,NA,NA,NA,-0.16900106002006,"FALSE",-0.189113035548494,"FALSE",-0.179531351937892,"FALSE",0.241670686582862,"FALSE",-0.339240474523604,"FALSE",0.0333207678468719,160329.077607144,38638.2813180232,5.77347439987727e-05,NA,-0.328587586574369,"FALSE",0.200525832185271,"FALSE",NA,NA,NA,NA,-0.129842743879731,"FALSE",-0.0281943913543082,"FALSE",-0.193928362615928,"FALSE",0.200525832185271,"FALSE",-0.328587586574369,"FALSE"
"34","fit_nope_B_I",34,"Harv4",8,475.35702085495,2000,0,0,0,0.053922707900701,176796.750344777,69041.7224106862,6.32545806952188e-05,NA,0.0611120922966436,"FALSE",0.0132740791963717,"FALSE",NA,NA,NA,NA,0.0202310725680021,"TRUE",-0.0349721236062112,"FALSE",0.075321652190416,"FALSE",0.0132740791963717,"FALSE",0.0611120922966434,"FALSE",0.053922707900701,172061.150135999,76416.2464968474,4.86441100756314e-05,NA,0.0550505211558213,"FALSE",-0.137202790509687,"FALSE",NA,NA,NA,NA,0.271752225880219,"FALSE",-0.128243635980631,"FALSE",-0.0893134062493635,"FALSE",-0.137202790509687,"FALSE",0.0550505211558214,"FALSE",0.053922707900701,160690.592468697,53332.4366534398,1.53789447695243e-05,NA,0.0452042695472259,"FALSE",0.000145249310959582,"TRUE",NA,NA,NA,NA,-0.0991229178040078,"FALSE",0.106083171402653,"FALSE",0.0454817297457014,"FALSE",0.000145249310959628,"TRUE",0.0452042695472258,"FALSE"
"35","fit_nope_B_I",35,"Harv4",8,34.9562990665436,2000,0,0,0,0.0498941227789162,189530.1502586,55169.0053348852,3.04039599871792e-05,NA,0.00481125759792197,"TRUE",0.0488468490028787,"FALSE",NA,NA,NA,NA,-0.096436990933724,"FALSE",0.123670193423657,"FALSE",0.0536077711159146,"FALSE",0.0488468490028789,"FALSE",0.00481125759792183,"TRUE",0.0498941227789162,154709.642709144,61106.0487991124,7.02166479379825e-05,NA,0.0222658544675832,"TRUE",-0.12134319351704,"FALSE",NA,NA,NA,NA,0.254991771357983,"FALSE",-0.0433944338695141,"FALSE",-0.102116697449558,"FALSE",-0.12134319351704,"FALSE",0.0222658544675831,"TRUE",0.0498941227789162,140774.030959785,64942.1556188943,1.61640493412028e-05,NA,-0.0220926077758565,"TRUE",0.0761140975270354,"FALSE",NA,NA,NA,NA,-0.0760691458478714,"FALSE",-0.212982040901311,"FALSE",0.0519848591116154,"FALSE",0.0761140975270354,"FALSE",-0.0220926077758565,"TRUE"
"36","fit_nope_B_I",36,"Harv4",8,31.2212100028992,2000,0,0,0,0.0518641597634909,141145.967484949,55773.7743025459,6.71891168686312e-05,NA,0.0478568401992894,"FALSE",-0.0651462874079096,"FALSE",NA,NA,NA,NA,0.071634768240586,"FALSE",-0.0585304473969803,"FALSE",-0.0204788850560018,"FALSE",-0.0651462874079096,"FALSE",0.0478568401992892,"FALSE",0.0518641597634909,159049.812217205,59783.1734375256,5.3216843366093e-05,NA,0.0450463598132684,"FALSE",-0.0876681429910031,"FALSE",NA,NA,NA,NA,0.17829255429662,"FALSE",-0.00184974299853282,"FALSE",-0.0467301140474295,"FALSE",-0.0876681429910031,"FALSE",0.0450463598132683,"FALSE",0.0518641597634909,122193.511716238,48762.2271485676,6.83673271910982e-05,NA,0.0351154559436409,"FALSE",0.0855218783485516,"FALSE",NA,NA,NA,NA,-0.0640244107961528,"FALSE",-0.0506232995360193,"FALSE",0.123301524080957,"FALSE",0.0855218783485517,"FALSE",0.035115455943641,"FALSE"
"37","fit_nope_B_I",37,"Harv4",8,232.141206026077,2000,0,0,0,0.0625493143485957,111435.852306713,47535.0066301577,0.000116603599271144,NA,0.346694120539604,"FALSE",-0.241071438170009,"FALSE",NA,NA,NA,NA,0.247934706597529,"FALSE",0.19295052376322,"FALSE",0.0218389592416715,"FALSE",-0.241071438170009,"FALSE",0.346694120539605,"FALSE",0.0625493143485957,161703.161980396,65106.0130755366,7.22448093382831e-05,NA,0.227772953963,"FALSE",-0.0233632627647928,"FALSE",NA,NA,NA,NA,0.0157293836546667,"TRUE",0.117252534594092,"FALSE",0.199408510943638,"FALSE",-0.0233632627647927,"FALSE",0.227772953963,"FALSE",0.0625493143485957,139400.301211585,64513.9748333969,7.7564218004787e-05,NA,0.218906464779293,"FALSE",-0.136879742353689,"FALSE",NA,NA,NA,NA,0.123048702054568,"FALSE",-0.00961737047858023,"FALSE",0.0520887474911621,"FALSE",-0.136879742353688,"FALSE",0.218906464779293,"FALSE"
"38","fit_nope_B_I",38,"Harv4",8,38.572546005249,2000,0,0,0,0.0442798964162485,187267.739821132,62299.2219354668,4.31928437351082e-05,NA,-0.13633348039169,"FALSE",0.0605471768353578,"FALSE",NA,NA,NA,NA,-0.143402079556257,"FALSE",-0.0425378300832401,"FALSE",-0.0841159423524582,"FALSE",0.0605471768353578,"FALSE",-0.13633348039169,"FALSE",0.0442798964162485,228824.969399437,83382.479745189,1.29336269798482e-05,NA,-0.114843527547392,"FALSE",0.289066165268809,"FALSE",NA,NA,NA,NA,0.0528466811066026,"FALSE",-0.142464813694172,"FALSE",0.140999888116612,"FALSE",0.28906616526881,"FALSE",-0.114843527547392,"FALSE",0.0442798964162485,151318.183723576,53803.377112431,7.64643049088155e-05,NA,-0.122363484536575,"FALSE",0.0150793989907726,"FALSE",NA,NA,NA,NA,0.102357600886797,"FALSE",-0.12724563643732,"FALSE",-0.109268561841427,"FALSE",0.0150793989907726,"FALSE",-0.122363484536575,"FALSE"
"39","fit_nope_B_I",39,"Harv4",8,33.7988259792328,2000,0,0,0,0.0529857152290515,177865.83031136,77561.6501116988,3.56406033915999e-05,NA,0.0356110416340763,"FALSE",-0.0549338295961288,"FALSE",NA,NA,NA,NA,0.0968160716662155,"FALSE",-0.106491306097956,"FALSE",-0.0212481340120819,"FALSE",-0.0549338295961288,"FALSE",0.0356110416340761,"FALSE",0.0529857152290515,163394.015472937,72342.7470584765,4.34528859780467e-05,NA,0.0550211406763688,"FALSE",-0.0817548637422064,"FALSE",NA,NA,NA,NA,0.155189044489206,"FALSE",-0.140287561794101,"FALSE",-0.0312930591592056,"FALSE",-0.0817548637422064,"FALSE",0.0550211406763688,"FALSE",0.0529857152290515,206684.70785069,64733.9324309607,0.000105770055258023,NA,0.0720034910899762,"FALSE",0.059605878124781,"FALSE",NA,NA,NA,NA,-0.159943347730137,"FALSE",0.161462614370951,"FALSE",0.135906960663133,"FALSE",0.0596058781247811,"FALSE",0.0720034910899759,"FALSE"
"40","fit_nope_B_I",40,"Harv4",8,27.1647469997406,2000,0,0,0,0.0496532105011703,150589.782988006,65598.8666815677,6.64520295619627e-05,NA,-0.0434428538043715,"FALSE",-0.198318921216366,"FALSE",NA,NA,NA,NA,0.468372596179334,"FALSE",-0.183708189549612,"FALSE",-0.233283593432151,"FALSE",-0.198318921216367,"FALSE",-0.0434428538043716,"FALSE",0.0496532105011703,178121.0330221,61988.4708578875,6.93192040234697e-05,NA,0.0010748933922984,"TRUE",-0.0507928409747352,"FALSE",NA,NA,NA,NA,0.0303404166056445,"FALSE",0.00949313953987941,"FALSE",-0.0497905182187289,"FALSE",-0.0507928409747352,"FALSE",0.00107489339229824,"TRUE",0.0496532105011703,154591.573990768,53348.4691680826,2.15160186056802e-05,NA,0.0166370062869224,"TRUE",-0.0817097717320368,"FALSE",NA,NA,NA,NA,0.102167745303511,"FALSE",0.0119680506080204,"FALSE",-0.0664851861398047,"FALSE",-0.0817097717320367,"FALSE",0.0166370062869223,"TRUE"
"41","fit_nope_B_I",41,"Harv4",8,31.5138459205627,2000,0,0,0,0.0578787992873481,115614.48946511,41633.8744311216,6.94759747531023e-05,NA,0.12077789232297,"FALSE",-0.168220544674264,"FALSE",NA,NA,NA,NA,0.102013598939391,"FALSE",0.139596635036919,"FALSE",-0.0678354074054219,"FALSE",-0.168220544674264,"FALSE",0.12077789232297,"FALSE",0.0578787992873481,179616.74249768,74046.8385922815,2.2960357329204e-05,NA,0.193875301856925,"FALSE",-0.0409772657607684,"FALSE",NA,NA,NA,NA,-0.122608903958637,"FALSE",0.0123696711851069,"FALSE",0.144869019207124,"FALSE",-0.0409772657607684,"FALSE",0.193875301856925,"FALSE",0.0578787992873481,122198.027903529,48546.0185283327,1.91165063453074e-05,NA,0.133592374510651,"FALSE",-0.245671292821509,"FALSE",NA,NA,NA,NA,0.15991086922731,"FALSE",0.0548263190717798,"FALSE",-0.144866739156536,"FALSE",-0.245671292821509,"FALSE",0.133592374510651,"FALSE"
"42","fit_nope_B_I",42,"Harv4",8,154.419805049896,2000,0,0,0,0.0487393951536412,161054.409828799,47885.6244232699,9.30919196440603e-05,NA,-0.0182153883225775,"TRUE",-0.138122125179349,"FALSE",NA,NA,NA,NA,0.280417289985273,"FALSE",0.120390161699427,"FALSE",-0.153941668627997,"FALSE",-0.138122125179349,"FALSE",-0.0182153883225776,"TRUE",0.0487393951536412,193901.923748135,83618.1315412697,7.3536469753047e-05,NA,-0.0257637651003045,"TRUE",0.0676242232059461,"FALSE",NA,NA,NA,NA,-0.0199879463827049,"TRUE",-0.146591179936389,"FALSE",0.0395839918466037,"FALSE",0.0676242232059462,"FALSE",-0.0257637651003047,"TRUE",0.0487393951536412,206560.363850213,60011.3679587662,5.38073690645182e-05,NA,-0.0721069454763911,"FALSE",0.0415790002233845,"FALSE",NA,NA,NA,NA,-0.0745035393238406,"FALSE",0.106693699514463,"FALSE",-0.0336552459141847,"FALSE",0.0415790002233847,"FALSE",-0.0721069454763915,"FALSE"
"43","fit_nope_B_I",43,"Harv4",8,32.862918138504,2000,0,0,0,0.047876143703536,138528.364549713,44085.2999305247,0.000102632657733859,NA,-0.00918170414847547,"TRUE",-0.0818131975820136,"FALSE",NA,NA,NA,NA,0.069316568281032,"FALSE",0.0853176618568219,"FALSE",-0.0899387572204761,"FALSE",-0.0818131975820136,"FALSE",-0.00918170414847538,"TRUE",0.047876143703536,88578.9916416523,33337.3128623632,7.19150526343341e-05,NA,-0.0430475074017443,"FALSE",-0.176401245235058,"FALSE",NA,NA,NA,NA,0.246107066980163,"FALSE",-0.0516800931636917,"FALSE",-0.211889198508329,"FALSE",-0.176401245235057,"FALSE",-0.0430475074017443,"FALSE",0.047876143703536,162244.042998394,50604.5218768015,2.80440756128931e-05,NA,-0.0622382389534368,"FALSE",0.0883113184146599,"FALSE",NA,NA,NA,NA,-0.0214876560810174,"TRUE",0.0884461080402383,"FALSE",0.0204741904127914,"FALSE",0.08831131841466,"FALSE",-0.0622382389534368,"FALSE"
"44","fit_nope_B_I",44,"Harv4",8,30.179661989212,2000,0,0,0,0.0534889682099141,122765.25704471,46349.5731408637,5.7289991063467e-05,NA,0.0870427813034608,"FALSE",-0.315992804108624,"FALSE",NA,NA,NA,NA,0.423467925993784,"FALSE",0.0726973229402805,"FALSE",-0.256463319948652,"FALSE",-0.315992804108624,"FALSE",0.0870427813034607,"FALSE",0.0534889682099141,177340.165677437,58187.2719685685,4.7805655570604e-05,NA,0.045679088921801,"FALSE",-0.0861680106012469,"FALSE",NA,NA,NA,NA,0.242974410898647,"FALSE",0.0737265752501704,"FALSE",-0.0444824366479323,"FALSE",-0.0861680106012467,"FALSE",0.0456790889218012,"FALSE",0.0534889682099141,95031.1909663928,37875.2646035365,9.89890569418757e-05,NA,0.073400031673551,"FALSE",-0.146117759350293,"FALSE",NA,NA,NA,NA,0.0974829440091151,"FALSE",0.0429866337671793,"FALSE",-0.0834781878080413,"FALSE",-0.146117759350293,"FALSE",0.073400031673551,"FALSE"
"45","fit_nope_B_I",45,"Harv4",8,25.13312292099,2000,0,0,0,0.0458313611888224,116328.523155225,34422.2336454213,8.79195697534398e-05,NA,-0.0790378416867054,"FALSE",0.0846472083698949,"FALSE",NA,NA,NA,NA,-0.16462163818876,"FALSE",0.0528257168322941,"FALSE",-0.000941776767069612,"TRUE",0.0846472083698951,"FALSE",-0.0790378416867055,"FALSE",0.0458313611888224,98153.9630522538,30246.035784937,8.73036093716952e-05,NA,-0.0997888166175954,"FALSE",-0.133342860207625,"FALSE",NA,NA,NA,NA,0.199146892932803,"FALSE",0.0509785486638438,"FALSE",-0.219871762030223,"FALSE",-0.133342860207625,"FALSE",-0.0997888166175954,"FALSE",0.0458313611888224,170429.8277881,61485.8585364251,6.62820928744106e-05,NA,-0.081970499230597,"FALSE",-0.0960015265747875,"FALSE",NA,NA,NA,NA,0.101454913213478,"FALSE",-0.042629130346893,"FALSE",-0.169824315834206,"FALSE",-0.0960015265747877,"FALSE",-0.0819704992305971,"FALSE"
"46","fit_nope_B_I",46,"Harv4",8,27.1929759979248,2000,0,0,0,0.0530090883259343,124952.448137028,47596.2529202075,6.38559046910477e-05,NA,0.04199326818478,"FALSE",0.0345543168826114,"FALSE",NA,NA,NA,NA,0.111331571931101,"FALSE",0.00178672047016752,"FALSE",0.0779573555678636,"FALSE",0.0345543168826113,"FALSE",0.0419932681847802,"FALSE",0.0530090883259343,88755.8269638677,32564.9550099505,2.0253724741309e-05,NA,0.096661106461999,"FALSE",-0.198259527910859,"FALSE",NA,NA,NA,NA,-0.0645021760665641,"FALSE",0.1147325568643,"FALSE",-0.120724436884753,"FALSE",-0.198259527910859,"FALSE",0.0966611064619991,"FALSE",0.0530090883259343,173526.971648649,54098.0682630236,2.97245050938261e-05,NA,0.0681989517258719,"FALSE",-0.052332100558233,"FALSE",NA,NA,NA,NA,0.0530059526889021,"FALSE",0.183666225311466,"FALSE",0.0123852800974082,"TRUE",-0.0523321005582327,"FALSE",0.0681989517258718,"FALSE"
"47","fit_nope_B_I",47,"Harv4",8,28.0098490715027,2000,0,0,0,0.0362034348281682,193139.128765203,48910.8934316645,6.69763985115738e-05,NA,-0.305271245483214,"FALSE",0.168584439149263,"FALSE",NA,NA,NA,NA,-0.196953278337819,"FALSE",-0.0584312535557827,"FALSE",-0.188163356316268,"FALSE",0.168584439149263,"FALSE",-0.305271245483214,"FALSE",0.0362034348281682,135227.868777442,37202.4075867759,8.23676231591379e-05,NA,-0.28882225331409,"FALSE",0.0274339615781446,"FALSE",NA,NA,NA,NA,0.0199364144328751,"TRUE",-0.0868969405444331,"FALSE",-0.269190232266364,"FALSE",0.0274339615781447,"FALSE",-0.28882225331409,"FALSE",0.0362034348281682,131244.265216685,33789.6530100148,6.0528492371538e-05,NA,-0.273345216917504,"FALSE",0.110126720601746,"FALSE",NA,NA,NA,NA,-0.100742007211597,"FALSE",-0.0268263192551368,"FALSE",-0.193221488486566,"FALSE",0.110126720601746,"FALSE",-0.273345216917504,"FALSE"
"48","fit_nope_B_I",48,"Harv4",8,34.7365570068359,2000,0,0,0,0.0514742815763636,136741.726961012,38838.0201178034,3.84946402723012e-05,NA,0.0318189432031346,"FALSE",-0.0299015538848549,"FALSE",NA,NA,NA,NA,-0.173062318944254,"FALSE",0.24086270772978,"FALSE",0.00114167297004031,"TRUE",-0.0299015538848549,"FALSE",0.0318189432031346,"FALSE",0.0514742815763636,83920.1632002588,30592.6776769784,2.53284526613184e-05,NA,0.0498856043195095,"FALSE",-0.207714955706411,"FALSE",NA,NA,NA,NA,-0.0769120137945059,"FALSE",0.0781556092226265,"FALSE",-0.168072907281183,"FALSE",-0.20771495570641,"FALSE",0.0498856043195096,"FALSE",0.0514742815763636,140414.884907181,56830.857892918,2.17085505514128e-05,NA,0.0397804440911569,"FALSE",0.115257509292654,"FALSE",NA,NA,NA,NA,0.0442285565329843,"FALSE",-0.0959760736655024,"FALSE",0.159910505808426,"FALSE",0.115257509292654,"FALSE",0.0397804440911568,"FALSE"
"49","fit_nope_B_I",49,"Harv4",8,32.2464661598206,2000,0,0,0,0.0546782404174647,183086.570574797,70742.6078278065,9.48354856001874e-05,NA,0.0390571156933256,"FALSE",0.0871727711525009,"FALSE",NA,NA,NA,NA,0.0109192600806302,"TRUE",-0.0386152963164323,"FALSE",0.129473186124653,"FALSE",0.087172771152501,"FALSE",0.0390571156933256,"FALSE",0.0546782404174647,173421.200767529,63075.2698344966,0.000110893007175919,NA,0.110503555392445,"FALSE",-0.0655144347735982,"FALSE",NA,NA,NA,NA,-0.0602921463231511,"FALSE",0.119073812934214,"FALSE",0.0377413128617791,"FALSE",-0.0655144347735981,"FALSE",0.110503555392446,"FALSE",0.0546782404174647,124227.18981943,42627.2996679056,0.000111169516179452,NA,0.121089224364336,"FALSE",-0.115140517546271,"FALSE",NA,NA,NA,NA,-0.0546086156425361,"FALSE",0.138506972712419,"FALSE",-0.00777115613074,"TRUE",-0.115140517546271,"FALSE",0.121089224364336,"FALSE"
"50","fit_nope_B_I",50,"Harv4",8,38.7082159519196,2000,0,0,0,0.047777112552493,100221.538684269,28645.8461967655,1.91135204937698e-05,NA,-0.0255647651397608,"TRUE",-0.108846786480097,"FALSE",NA,NA,NA,NA,0.155909110362177,"FALSE",0.0862230077551892,"FALSE",-0.131609487435768,"FALSE",-0.108846786480096,"FALSE",-0.0255647651397608,"TRUE",0.047777112552493,125754.69060989,45915.576625707,4.00406541807179e-05,NA,-0.0689312029231879,"FALSE",-0.0204375011659446,"FALSE",NA,NA,NA,NA,-0.0709043280622843,"FALSE",-0.0564636426365008,"FALSE",-0.0876658940891848,"FALSE",-0.0204375011659446,"FALSE",-0.0689312029231878,"FALSE",0.047777112552493,165642.381691047,53233.2760740144,9.15106186157207e-05,NA,-0.0351182117280595,"FALSE",0.0483518802117762,"FALSE",NA,NA,NA,NA,-0.174004430893878,"FALSE",0.0655628123872258,"FALSE",0.0117691955986413,"TRUE",0.0483518802117761,"FALSE",-0.0351182117280595,"FALSE"
